ZPS,LV,Verband,Vereinname
10102,1,101,"SC Viernheim 1934 e.V."
10104,1,101,"VLK Lampertheim"
10106,1,101,"SK 1962 Ladenburg"
10109,1,101,"SSC Altlußheim"
10111,1,101,"SF 1946 Brühl"
10112,1,101,"SK Großsachsen"
10114,1,101,"SK Mannheim 1946 e.V."
10115,1,101,"DJB Steuben Feudenheim"
10117,1,101,"SV Hockenheim"
10118,1,101,"SK Mannheim-Lindenhof 1865"
10119,1,101,"SC 1960 Neckarhausen"
10121,1,101,"SC 1922 Ketsch"
10122,1,101,"SC 1924 Lampertheim"
10124,1,101,"SK 1945 Ilvesheim"
10126,1,101,"SK Chaos Mannheim"
10127,1,101,"SC 1914 Sandhofen-Waldhof"
10128,1,101,"SC 65 Reilingen"
10129,1,101,"SK Weinheim 1911 e.V."
10137,1,101,"SK 1995 Laudenbach"
10201,1,102,"SC 1964 Dielheim"
10202,1,102,"SF Botvinnik Steinsfurt"
10203,1,102,"SC 1949 Rohrbach-Boxberg"
10206,1,102,"SF Rot 71"
10210,1,102,"SV 1947 Walldorf"
10211,1,102,"SC 1926 Leimen"
10213,1,102,"SK 69 Mühlhausen e.V."
10214,1,102,"SC Eppingen"
10215,1,102,"SABT TV Bammental"
10216,1,102,"SC Gemmingen"
10219,1,102,"SG Heidelberg-Kirchheim"
10220,1,102,"SF Heidelberg"
10222,1,102,"SC 1958 Malsch"
10225,1,102,"SK 1947 Sandhausen e.V."
10227,1,102,"Schachclub 1926 Wiesloch / Schachfreunde Baiertal e. V."
10228,1,102,"SC Neckargemünd"
10229,1,102,"SC Eppelheim e.V."
10230,1,102,"SC Angelbachtal"
10233,1,102,"SF 1999 Hoffenheim"
10234,1,102,"SF Siegelsbach"
10236,1,102,"SC Caissa Heidelberg"
10237,1,102,"SF Neckarsteinach 2014 e.V."
10238,1,102,"Schachkommune Freibauer Steinsfurt"
10301,1,103,"Mosbacher SC von 1931"
10303,1,103,"SC 1975 Paimar"
10304,1,103,"SK Tauberbischofsheim"
10305,1,103,"SK 1948 Buchen-Walldürn"
10306,1,103,"SF Bad Mergentheim"
10311,1,103,"BG Buchen"
10401,1,104,"SK 1947 Sulzfeld"
10402,1,104,"SF Kraichtal"
10404,1,104,"SABT Post Südstadt Karlsruhe"
10405,1,104,"SC Karlsdorf"
10406,1,104,"SV Pfinztal e.V."
10407,1,104,"SF Neureut 1953 e.V."
10408,1,104,"SF Wiesental"
10409,1,104,"SK Odenheim 1971"
10410,1,104,"SC Bretten"
10411,1,104,"SF Graben-Neudorf"
10412,1,104,"SK Blankenloch 1947 e.V."
10414,1,104,"SK 1929 Jöhlingen"
10415,1,104,"SF Forst 1971"
10417,1,104,"SF Karlsbad"
10418,1,104,"SK Durlach"
10419,1,104,"SC Rheinstetten 1947"
10421,1,104,"SK 1926 Ettlingen"
10422,1,104,"Karlsruher SF 1853"
10423,1,104,"SC Untergrombach 46"
10424,1,104,"SC Waldbronn"
10427,1,104,"SF Eggenstein-Leopoldshafen"
10428,1,104,"SF Hambrücken e.V."
10430,1,104,"Schachfreunde Zeutern"
10432,1,104,"SF Rochade Dettenheim"
10433,1,104,"Schachfreunde Malsch"
10434,1,104,"Slavija Karlsruhe"
10439,1,104,"SC Oberhausen-Rheinhausen"
10441,1,104,"SC uBu Karlsruhe"
10442,1,104,"SSV Bruchsal"
10443,1,104,"TSV Bulach"
10501,1,105,"SK Neuhausen"
10502,1,105,"SF Oberreichenbach 1995"
10503,1,105,"SF 1954 Conweiler e.V."
10504,1,105,"SC Pforzheim 1906"
10507,1,105,"SC Keltern"
10509,1,105,"SV Calw"
10510,1,105,"SC 1948 Ersingen e.V."
10511,1,105,"SABT TV Neuenbürg 1859"
10512,1,105,"SC Mühlacker 1923 e.V."
10513,1,105,"SF Birkenfeld"
10515,1,105,"SK Eutingen"
10517,1,105,"SV Ottenbronn"
10520,1,105,"SK Ittersbach"
10521,1,105,"SC Niefern-Öschelbronn"
10522,1,105,"SF Illingen"
10526,1,105,"SF Simmersfeld"
10527,1,105,"SF Bad Herrenalb e.V."
10602,1,106,"SF Hörden"
10603,1,106,"SC Iffezheim"
10604,1,106,"SC Durmersheim"
10606,1,106,"SC Bühlertal"
10608,1,106,"SK Ottenau"
10609,1,106,"SK Gernsbach 1949"
10612,1,106,"SC Weitenung"
10614,1,106,"OSG Baden-Baden"
10616,1,106,"SC ""Röss'l""  Muggensturm"
10617,1,106,"SC Ötigheim"
10619,1,106,"SC Rastatt"
10620,1,106,"SF Sasbach e.V."
10621,1,106,"SV Vimbuch"
10622,1,106,"SG Rochade Kuppenheim 1979 e.V."
10624,1,106,"SC Ottenhöfen-Seebach"
10625,1,106,"Connect&Respect e.V."
10701,1,107,"SK Lahr"
10703,1,107,"SK Randbauer Griesheim-Bohlsbach"
10705,1,107,"SC Neumühl"
10706,1,107,"SC Schwarz-Weiß Zell"
10708,1,107,"SC Freibauer Hofstetten"
10709,1,107,"SC Haslach von 1927"
10711,1,107,"SF Oppenau e.V."
10712,1,107,"SVG Offenburg"
10713,1,107,"SK Oberkirch"
10714,1,107,"SF Wolfach 1977"
10715,1,107,"SC Hornberg"
10716,1,107,"SK Appenweier"
10717,1,107,"SC Brandeck-Turm Ohlsbach e.V."
10718,1,107,"SK Seelbach e.V."
10801,1,108,"SK Endingen"
10805,1,108,"SF Ettenheim"
10806,1,108,"SK Freiburg-Zähringen 1887 e.V."
10807,1,108,"SC Heitersheim"
10811,1,108,"SK Ebringen"
10812,1,108,"SC Oberwinden 1957 e.V."
10813,1,108,"SK Denzlingen"
10814,1,108,"SF Schwarz-Weiß Merzhausen"
10816,1,108,"SC Emmendingen 1937 e.V."
10817,1,108,"SK Freiburg West 1967"
10819,1,108,"SC Horben"
10820,1,108,"SGEM Dreisamtal"
10822,1,108,"SABT SV Münstertal"
10823,1,108,"Schachclub Sölden"
10826,1,108,"SC Umkirch 1969"
10827,1,108,"SC Waldkirch 1910 e.V."
10828,1,108,"SC Simonswald"
10830,1,108,"Schwarze Pumpe Freiburg"
10832,1,108,"SK Freiburg-Wiehre 2000 e.V."
10835,1,108,"Schachfreunde Markgräflerland e.V."
10836,1,108,"SC Staufen"
10837,1,108,"TV Breisach"
10838,1,108,"Schachwerkstatt Eichstetten e.V."
10839,1,108,"Turnverein Eichstetten von 1889 e.V."
10904,1,109,"SC Laufenburg"
10906,1,109,"SK Todtnau-Schönau"
10908,1,109,"SK Rheinfelden"
10909,1,109,"SG Schopfheim 1885"
10911,1,109,"SGEM Waldshut-Tiengen"
10912,1,109,"SC Dreiländereck"
10913,1,109,"SC Brombach e.V."
10916,1,109,"Turn- und Sportfreunde Schönau-Schwarzwald 1896 e.V."
10917,1,109,"TV Kadelburg"
10A01,1,10A,"Schachverein St.Georgen-Schonach e.V."
10A03,1,10A,"SC Bad Dürrheim 86"
10A04,1,10A,"SF Furtwangen-Vöhrenbach"
10A05,1,10A,"SC Donaueschingen"
10A06,1,10A,"SC Bräunlingen"
10A10,1,10A,"SC ""e1"" Königsfeld"
10A11,1,10A,"Schachclub Titisee-Neustadt e.V."
10A13,1,10A,"SC Villingen-Schwenningen e.V."
10A14,1,10A,"TuS Bonndorf"
10B01,1,10B,"SC Pfullendorf"
10B02,1,10B,"SK Singen"
10B03,1,10B,"SK Meßkirch"
10B04,1,10B,"SK Engen"
10B07,1,10B,"SK Radolfzell"
10B08,1,10B,"SF Gottmadingen"
10B09,1,10B,"SVG Konstanz"
10B11,1,10B,"SC Überlingen"
10B12,1,10B,"SK Gaienhofen"
10B13,1,10B,"SC Steißlingen"
21103,2,211,"SK Neumarkt e.V."
21105,2,211,"Spvg Zabo-Eintracht Nürnberg e.V."
21109,2,211,"SC Noris-Tarrasch Nürnberg 1873 e.V."
21110,2,211,"SK Nürnberg 1911 e.V."
21112,2,211,"SC Schwarz-Weiß Nürnberg Süd e.V."
21115,2,211,"SC Anderssen Nürnberg 1929 e.V."
21116,2,211,"SC Mühlhof-Reichelsdorf e.V."
21117,2,211,"SC Postbauer-Heng e.V"
21118,2,211,"SK Schwabach 1907 e.V."
21119,2,211,"SK Zirndorf e.V."
21125,2,211,"SGem Nürnberg 1978 e.V."
21127,2,211,"SC Stein 1998 e.V."
21131,2,211,"TSV Cadolzburg e.V."
21135,2,211,"SC JÄKLECHEMIE Talente Franken e.V."
21136,2,211,"TSV Maccabi Nürnberg e.V. 2016"
21137,2,211,"SV Postbauer e.V."
21201,2,212,"SG Siemens Erlangen e.V."
21202,2,212,"SC Forchheim e.V."
21205,2,212,"SGem 1882 Fürth"
21206,2,212,"SF Fürth 1951 e.V."
21207,2,212,"SK 1911 Herzogenaurach e.V."
21209,2,212,"SV Neustadt/Aisch 07"
2120A,2,212,"SK 1948 Langenzenn"
21212,2,212,"SC Uttenreuth e.V."
21213,2,212,"TSV Kirchehrenbach"
21214,2,212,"SV Bubenreuth e.V."
21216,2,212,"SGem Eckental"
21219,2,212,"TSV Ebermannstadt e.V."
21222,2,212,"BSG Wöhrlhaus Erlangen"
21223,2,212,"SF Wilhermsdorf e.V."
21224,2,212,"FSV Großenseebach"
21231,2,212,"SC Pottenstein e.V."
21233,2,212,"SC Erlangen 48/88"
21234,2,212,"Schachtreff Röttenbach e.V."
21235,2,212,"Schachclub Eggerbachtal e.V."
21236,2,212,"TSV Neunkirchen am Brand"
21237,2,212,"SC Gräfenberg"
21301,2,213,"SV Altensittenbach"
21302,2,213,"SC Hersbruck"
21303,2,213,"SV Lauf a.d.P."
21304,2,213,"SC Ottensoos"
21308,2,213,"SC Vorra u.Umgebung e.V."
2130A,2,213,"SC Pegnitz-Creußen e.V."
21310,2,213,"SC Rupprechtstegen"
21402,2,214,"TSG 1893 Ellingen e.V."
21403,2,214,"FC Gunzenhausen 1910 e.V"
21404,2,214,"SV Haundorf"
21405,2,214,"Allersberger SC 2000 e.V."
21409,2,214,"SC 74 Treuchtlingen"
21410,2,214,"TSV 1860 Weißenburg e.V."
21411,2,214,"SAbt Wolframs-Eschenbach"
21412,2,214,"SC Heideck-Hilpoltstein"
21414,2,214,"SG Büchenbach/Roth e.V."
21415,2,214,"SK Schwanstetten 79 e.V."
21416,2,214,"FC Pleinfeld VfL"
21501,2,215,"SC Ansbach 1855 e.V."
21502,2,215,"SC Bad Windsheim 1920 e.V."
21503,2,215,"SC Bechhofen 1923 e.V."
21504,2,215,"SK Dinkelsbühl e.V."
21506,2,215,"SC Heilsbronn 1951 e.V."
21508,2,215,"SK Rothenburg e.V."
21510,2,215,"SC Königsspringer Dombühl 1974 e.V."
21511,2,215,"SC Wassertrüdingen e.V."
21514,2,215,"SK Leutershausen"
22001,2,220,"FC Bayern München e.V."
22002,2,220,"SK Tarrasch 1945 München"
22006,2,220,"Stiftung BSW - Schachgruppe München"
22007,2,220,"SF Dachau 1932 e.V."
22009,2,220,"Schach-Club Vaterstetten-Grasbrunn"
22010,2,220,"SF Deisenhofen"
22015,2,220,"SC Haar 1931"
22017,2,220,"SV Höhenkirchen"
22019,2,220,"SC Ismaning"
22021,2,220,"SC Lohhof 1950 e.V."
22026,2,220,"SG Schwabing München Nord e.V."
22028,2,220,"Schach-Union München e.V."
22030,2,220,"1.Schachklub Neuperlach e.V."
22031,2,220,"SC Sendling e.V."
22040,2,220,"SC Roter Turm Altstadt"
22042,2,220,"SV Weiß-Blau Allianz München"
22043,2,220,"Münchener SC 1836 e.V."
22046,2,220,"Schachklub München Südost e.V."
22053,2,220,"Sportclub Eching"
22054,2,220,"TSV Poing"
22055,2,220,"TSV Forstenried e.V."
22059,2,220,"SC Garching 1980 e.V."
22061,2,220,"SGem Aschheim/Feldkirchen/Kirchheim"
22062,2,220,"Schachclub Unterhaching e.V."
22064,2,220,"SK Markt Schwaben"
22065,2,220,"MSA Zugzwang 82 e.V."
22066,2,220,"TSV Solln Schachabteilung"
22067,2,220,"SC Kirchseeon e.V."
22076,2,220,"Schachfreunde München e.V."
23001,2,230,"SC Bayerwald Regen/Zwiesel e.V."
23002,2,230,"SC Castra Batava Passau"
23003,2,230,"SV Deggendorf"
23006,2,230,"TV Freyung"
23008,2,230,"SK Landau-Dingolfing"
23009,2,230,"SK Landshut"
23012,2,230,"SK Passau 1869"
23015,2,230,"SC Straubing"
23017,2,230,"SC Vilshofen"
23018,2,230,"SC Sonnen 1986"
23020,2,230,"DJK-SV Schaibing"
23021,2,230,"SV Aham"
23022,2,230,"ESK Plattling"
23030,2,230,"TSV Ergoldsbach e.V."
23031,2,230,"TV 1862 Geiselhöring"
23033,2,230,"FC Ergolding 1932 e.V."
23034,2,230,"ESV Pocking"
23038,2,230,"TSV Aidenbach"
23044,2,230,"DJK SF Haselbach"
23047,2,230,"SV Röhrnbach e.V."
23048,2,230,"TSV Kreuzberg"
23049,2,230,"SC Ortenburg 1894 e.V."
23051,2,230,"SC Rottal-Inn"
23053,2,230,"SC Gardez-Viechtach e.V."
24101,2,241,"SK Abensberg"
24102,2,241,"Schachclub Eichstätt 1921 e.V."
24103,2,241,"SK Freising"
24104,2,241,"MTV Ingolstadt"
24105,2,241,"TSV Ingolstadt Nord"
24106,2,241,"SK Ingolstadt"
24109,2,241,"SC Moosburg 1956 e.V."
24110,2,241,"SC Neustadt/Donau"
24114,2,241,"TSV Mainburg"
24116,2,241,"TSV 1897 Kösching"
24119,2,241,"VfB Friedrichshofen SAbt"
24121,2,241,"SV Wettstetten e.V."
24127,2,241,"SC 1947 Beilngries"
24128,2,241,"SV Ilmmünster"
24130,2,241,"TSV Grossmehring"
24132,2,241,"TSV Rohrbach"
24133,2,241,"SK Neuburg"
24136,2,241,"SV Weichering"
24137,2,241,"MTV Pfaffenhofen"
24202,2,242,"SF Bad Reichenhall"
24204,2,242,"PSV Dorfen"
24205,2,242,"SK Freilassing"
24206,2,242,"SU Hirschbichl"
24207,2,242,"SC Pegasus Lohkirchen"
24208,2,242,"SG Hausham"
24209,2,242,"SK Mangfalltal"
2420A,2,242,"1. Bayerischer Frauenschachverein"
24211,2,242,"SK Bruckmühl e.V."
24214,2,242,"SC Prien"
24217,2,242,"SK Töging"
24219,2,242,"TSV Trostberg"
24220,2,242,"SC Waldkraiburg"
24224,2,242,"SC Taufkirchen"
24225,2,242,"SG Vogtareuth-Prutting"
24227,2,242,"SK Wasserburg"
24228,2,242,"TV Altötting 1864"
24230,2,242,"ASV J'Adoube Grassau SAB"
24231,2,242,"SG Pang-Rosenheim 1910 e.V. i. L."
24232,2,242,"Inntaler Schachfreunde"
24233,2,242,"SK Zorneding-Pöring e.V."
24234,2,242,"SG Traunstein/Traunreut e.V."
24235,2,242,"SU Ebersberg-Grafing"
24237,2,242,"RW Klettham SAB"
24238,2,242,"SF Rosenheim e.V."
24239,2,242,"Rosenheimer-Schachverein in der FT"
24240,2,242,"Schachverein Isental"
24402,2,244,"SC Eichenau"
24404,2,244,"SAbt TuS Fürstenfeldbruck"
24405,2,244,"SK Garmisch-Partenkirch."
24406,2,244,"Gautinger SC"
24407,2,244,"TSV Gilching-Argelsried"
24408,2,244,"SC Gröbenzell"
24409,2,244,"SC Hohenpeißenberg"
24410,2,244,"TUS Holzkirchen"
24412,2,244,"SC Miesbach"
24413,2,244,"SC Mittenwald"
24417,2,244,"SC Peiting"
24418,2,244,"SK Penzberg"
24420,2,244,"SK Starnberg"
24421,2,244,"TV Tegernsee"
24422,2,244,"Turm Untermühlhausen"
24423,2,244,"Schachklub Germering e. V."
24425,2,244,"SC Wolfratshausen 1948 e.V."
24427,2,244,"SK Weilheim e.V."
24428,2,244,"Schfr Puchheim"
24430,2,244,"SC Ammersee"
24431,2,244,"SK Gräfelfing"
24432,2,244,"TuS Geretsried"
24433,2,244,"TSV 1861 Oberammergau"
24434,2,244,"Sportfr.Windach e.V.1923"
24439,2,244,"SF Bad Tölz"
24441,2,244,"Schachfreunde Topschach Gilching"
25101,2,251,"SC 1868 Bamberg"
25103,2,251,"PSV Bamberg"
25104,2,251,"SV Memmelsdorf"
25105,2,251,"TV 1890 Hallstadt"
25107,2,251,"SC Höchstadt/Aisch"
25109,2,251,"RMV Conc. Strullendorf"
25111,2,251,"SV Walsdorf"
25112,2,251,"TV Ebern"
25113,2,251,"TSV Hirschaid"
25114,2,251,"SC Hollfeld 1960 e.V."
25205,2,252,"TSV Kirchenlaibach"
25208,2,252,"SC Bayreuth"
25210,2,252,"TSV Bindlach Aktionär"
25301,2,253,"SK Helmbrechts"
25302,2,253,"PTSV SK Hof 1892"
25307,2,253,"SK Marktleugast"
25309,2,253,"TV Reinersreuth"
25310,2,253,"SK Presseck"
25311,2,253,"ASV Rehau"
25312,2,253,"SC Schwarzenbach"
25315,2,253,"SF Kirchenlamitz e.V."
25316,2,253,"1. FC Waldstein 2011 e.V."
25317,2,253,"SK Stammbach"
25318,2,253,"SF Bad Steben"
25320,2,253,"ATSV Oberkotzau"
25323,2,253,"SK 1907 Kulmbach"
25401,2,254,"Coburger SV v. 1872 e.V."
25402,2,254,"SC 1934 Ebersdorf e.V."
25403,2,254,"VfB Einberg Rödental"
25404,2,254,"TSV Mönchröden"
25405,2,254,"SV Neustadt b. Coburg"
25406,2,254,"TSV Oberlauter"
25413,2,254,"SK Weidhausen 1989 e.V."
25414,2,254,"SG 1951 Sonneberg"
25502,2,255,"SK Marktredwitz"
25503,2,255,"SC Mitterteich"
25504,2,255,"TuS Mehlmeisel"
25507,2,255,"SF Schönwald"
25508,2,255,"SV Thiersheim"
25509,2,255,"ATG Tröstau"
25513,2,255,"1.FC Marktleuthen"
25514,2,255,"SC Waldsassen"
25515,2,255,"SF Witzlasreuth"
25518,2,255,"SF Fichtelgebirge"
25519,2,255,"Schachfreunde Mitterteich e.V."
25601,2,256,"SSV Burgkunstadt 1931"
25602,2,256,"Kronacher SK 1882 e.V."
25603,2,256,"SK Michelau"
25604,2,256,"SK Mitwitz"
25606,2,256,"FC Nordhalben"
25609,2,256,"SC Steinwiesen"
25610,2,256,"SV Seubelsdorf e.V."
25613,2,256,"TSV 1860 Tettau e.V."
25615,2,256,"SF Windheim e.V."
26001,2,260,"SK Kelheim 1920"
26003,2,260,"Schachklub Weiden 1907"
26004,2,260,"DJK-Regensburg Nord e.V."
26007,2,260,"Regensburger Turnerschaft"
26008,2,260,"Schachfreunde Roding"
26011,2,260,"SC Sulzbach-Rosenberg"
26012,2,260,"SC Cham"
26014,2,260,"SK Schwandorf"
26015,2,260,"Schachclub Hirschau"
26017,2,260,"TV 1899 Parsberg e.V."
26020,2,260,"FC Mintraching"
26021,2,260,"TSV Dietfurt/Altm. e.V."
26024,2,260,"Schachfreunde Haselmühl/Amberg"
26026,2,260,"SC Tirschenreuth v. 1922"
26027,2,260,"SV Saal/Donau e.V.SAbt"
26030,2,260,"T.u.Sportgem.Laaber e.V."
26031,2,260,"SC Furth im W./Waldmünchen"
26032,2,260,"TSV Kareth-Lappersdorf"
26033,2,260,"SC Bad Kötzting e.V."
26035,2,260,"Sportclub Sinzing e.V."
26037,2,260,"SC Erbendorf 1946 e.V."
26038,2,260,"SC Eulenspiegel Regensburg"
26040,2,260,"1.FC Schwarzenfeld e.V."
26042,2,260,"Schachfreunde Neustadt / Luhe e.V."
26044,2,260,"SC Windischeschenbach"
26047,2,260,"SG Post/Süd Regensburg"
26048,2,260,"Schachclub Bavaria Regensburg von 1881 e.V."
26049,2,260,"SF Luhe-Wildenau e.V."
26052,2,260,"TSV Nittenau"
26055,2,260,"TSV 1880 Schwandorf"
26063,2,260,"ASV Burglengenfeld SAbt"
26064,2,260,"Schachfreunde Tegernheim"
26066,2,260,"TV Riedenburg Schach"
26067,2,260,"SV Oberviechtach"
26069,2,260,"TSV Bad Abbach SAbt"
27102,2,271,"Schachges. Augsburg 1873"
27103,2,271,"BC Aichach"
27105,2,271,"Schachklub Rochade Augsburg"
27108,2,271,"SK 1908 Göggingen"
27109,2,271,"SC Gersthofen"
27110,2,271,"SAbt TSV Dasing"
27111,2,271,"SAbt TSV Haunstetten"
27112,2,271,"SC Inchenhofen"
27113,2,271,"SK Kriegshaber"
27114,2,271,"SK Kissing"
27115,2,271,"SC Lechhausen"
27116,2,271,"SK Mering"
27119,2,271,"TSV Steppach, Abt. Schach"
27120,2,271,"SV Thierhaupten"
27121,2,271,"SK Caissa Augsburg"
27125,2,271,"SK Keres-Augsburg 1980"
27127,2,271,"Rainer SC"
27128,2,271,"SK Friedberg im Gehörl. Sportverein"
27129,2,271,"Schachfreunde Augsburg"
27201,2,272,"Schachklub Buchloe"
27202,2,272,"SK Bobingen"
27203,2,272,"SK Krumbach"
27204,2,272,"SK Königsbrunn"
27205,2,272,"SK Klosterlechfeld"
27206,2,272,"TSV Landsberg 1882"
27207,2,272,"TSV Mindelheim"
27208,2,272,"SC Schwabmünchen"
27209,2,272,"SC Türkheim/Bad Wörishofen"
27211,2,272,"SV Stauden"
27301,2,273,"SC Dillingen"
27302,2,273,"SC Günzburg/Reisensburg"
27304,2,273,"SK 1926 Nördlingen-Ries"
27307,2,273,"SC Bäumenheim"
27312,2,273,"Spgem Kötz/Ichenhausen"
27313,2,273,"TSV Wertingen 1862 SAbt"
27315,2,273,"FC 1920 Gundelfingen eV."
27320,2,273,"SC Zusamspringer"
27321,2,273,"Schachklub Burlafingen 1969 e.V."
27322,2,273,"Airbus Helicopters Sportgemeinschaft Donauwörth e. V."
27401,2,274,"SF Buchenberg"
27404,2,274,"Schachklub Immenstadt"
27406,2,274,"SC Kempten 1878"
27407,2,274,"SK Marktoberdorf"
27409,2,274,"SK Obergünzburg"
27412,2,274,"SC Sonthofen"
27413,2,274,"SC 1892 Kaufbeuren"
27414,2,274,"Post-SV Memmingen e.V."
27416,2,274,"SF Bad Grönenbach"
27418,2,274,"Schachverein Bernbeuren"
27419,2,274,"Schachclub Dietmannsried"
27421,2,274,"Schachklub Ottobeuren 2000 e.V."
27422,2,274,"ASV Martinszell Abteilung Schach"
27423,2,274,"Schach-Club Füssen 2017 e.V."
28101,2,281,"SV 1965 Kleinheubach"
28102,2,281,"SV Volkersbrunn"
28103,2,281,"SC Bessenbach 1974 e.V"
28109,2,281,"SK 1928 Mömbris"
28114,2,281,"Schachfreunde Sailauf"
28121,2,281,"SC 1926 Kahl"
28129,2,281,"SC-SF 1957 Stockstadt"
28130,2,281,"TV-Großostheim 1900 e.V."
28131,2,281,"TV Faulbach e.V. 1920"
28135,2,281,"SC Königsspringer Alzenau e.V"
28138,2,281,"SC 1930 Großwelzheim"
28139,2,281,"Schachclub Sulzbach"
28148,2,281,"SK 1929 Mainaschaff"
28151,2,281,"SK 1925 Großwallstadt"
28168,2,281,"SK 1982 Klingenberg e.V."
28176,2,281,"TuS 1863 Aschaffenb.Damm"
28178,2,281,"Schachclub Aschaffenburg e.V."
28180,2,281,"SC Gymnasium Amorbach"
28181,2,281,"TSV Amorbach 1863 e.V."
28224,2,282,"SpVgg 1946 e.V. Stetten"
28236,2,282,"SK 79 Arnstein"
28237,2,282,"SC 1972 Himmelstadt e.V."
28240,2,282,"SK Wertheim"
28243,2,282,"SC SF Rieneck"
28245,2,282,"ESV Gemünden"
28247,2,282,"TSV 1846 Lohr am Main e.V."
28252,2,282,"SV Germania Erlenbach"
28261,2,282,"TSV 1895 Karlburg e.V."
28266,2,282,"SF Phalanx Zellingen"
28279,2,282,"Germania Ruppertshütten"
25216,2,212,"Schachclub Pegnitz e.V."
28303,2,283,"SC Maßbach 1951"
28305,2,283,"SV Römershag e.V."
28308,2,283,"SC 1957 Bad Königshofen e.V."
28322,2,283,"TSV 1876 Bad Kissingen e.V."
28326,2,283,"SK 1933 Bad Neustadt"
28350,2,283,"SC 1947 Bergrheinfeld"
28353,2,283,"SF ""Zeiler Turm"""
28360,2,283,"Spvgg.1933 Hambach e.V."
28363,2,283,"SV Wildflecken"
28365,2,283,"Dicker Turm Münnerstadt"
28388,2,283,"Schachclub Knetzgau"
28390,2,283,"Schachklub Schweinfurt 2000 e.V."
28392,2,283,"TSV 1928 Trappstadt SAbt."
28396,2,283,"SK Gerolzhofen"
28397,2,283,"Schachfreunde Bad Kissingen"
28399,2,283,"Turngemeinde Schweinfurt 1848 e.V. - del"
28330,2,283,"FC Frankonia Thulba 1924 e.V."
28314,2,213,Dummy
28331,2,213,"Turngemeinde Schweinfurt 1848"
28402,2,284,"SV Würzburg von 1865 e.V."
28404,2,284,"SC Unterdürrbach 1949"
28406,2,284,"SC Kitzingen von 1905"
28454,2,284,"SV Bergtheim"
28462,2,284,"TSV Lengfeld 1876 e.V."
28464,2,284,"Sportbund Versbach e.V."
28483,2,284,"VfR Burggrumbach 1948"
28484,2,284,"TSV Erlabrunn"
28491,2,284,"TSV 1869 e.V. Rottendorf"
28495,2,284,"SC Prichsenstadt"
30001,3,300,"BSG 1827 Eckbauer e.V."
30002,3,300,"SC Kreuzberg e.V."
30006,3,300,"Spandauer SV e.V."
30007,3,300,"Schachgesellschaft Lasker Steglitz-Wilmersdorf"
30008,3,300,"Schachfreunde Berlin 1903 e.V."
30010,3,300,"SK Tempelhof 1931 e.V."
30011,3,300,"SC Zitadelle Spandau 1977 e.V."
30012,3,300,"SVG Läufer Reinickendorf e.V."
30014,3,300,"SK König Tegel 1949 e.V."
30015,3,300,"SK Zehlendorf e.V."
30016,3,300,"BSC Rehberge 1945 e.V."
30017,3,300,"SK CAISSA Hermsdorf-Frohnau"
30018,3,300,"SF Siemensstadt"
30020,3,300,"Schwarz-Weiß Neukölln e.V."
30021,3,300,"SC Weisse Dame e.V."
30025,3,300,"Berliner Gehörlosen SV"
30027,3,300,"SC Schwarzer Springer Schmargendorf"
30035,3,300,"SV Königsjäger Süd-West e.V."
30036,3,300,"SC Schwarz-Weiß Lichtenrade e.V."
30037,3,300,"SC Freibauer Schöneberg"
30040,3,300,"SV Schachfreunde Friedrichshagen"
30041,3,300,"SG Weißensee 49 e.V."
30042,3,300,"SV Empor Berlin e.V."
30044,3,300,"SSV Rotation Berlin e.V."
30045,3,300,"SC Friesen Lichtenberg e.V."
30047,3,300,"TSG Oberschöneweide e.V."
30050,3,300,"Schachfreunde Nordost Berlin"
30052,3,300,"SV Berolina Mitte e.V."
30054,3,300,"SV Motor Wildau e.V."
30055,3,300,"SC Zugzwang 95 e.V."
30056,3,300,"SG Eckturm"
30058,3,300,"SV Berlin-Friedrichstadt"
30060,3,300,"TSG Rot-Weiß Fredersdorf/Vogelsdorf e.V."
30061,3,300,"SG Rot-Weiß Neuenhagen"
30066,3,300,"SG NARVA Berlin e.V."
30068,3,300,"BSV 63 Chemie Weißensee"
30069,3,300,"SC Rochade e.V."
30076,3,300,"SC Eintracht Berlin e.V."
30079,3,300,"TuS Makkabi Berlin e.V."
30082,3,300,"Queer-Springer SSV Berlin"
30084,3,300,"SC Rotation Pankow e.V."
30086,3,300,"SK International Berlin 2010"
30088,3,300,"TSV Mariendorf 1897"
30089,3,300,"SV Mattnetz Berlin e.V."
30090,3,300,"SC Borussia Lichtenberg"
30091,3,300,"Anastasias Matt e.V."
30093,3,300,"Chess Boxing Club Berlin e.V."
30094,3,300,"Förderverein SchachExperten e.V."
30095,3,300,"Berlin Freestylerz"
40002,4,400,"Altonaer Schachklub von 1873 e.V."
40003,4,400,"Barmbeker SK 1926 eV"
40004,4,400,"Bergedorfer SV 1909 eV"
40005,4,400,"Bergstedter SK von 1962"
40006,4,400,"SAbt SV Billst.-Horn 91"
40007,4,400,"SchVgg Blankenese von 1923 e.V."
40008,4,400,"Bramfelder SK 1947 e.V."
40011,4,400,"SC Concordia SAbt Palame"
40012,4,400,"SV Diag.Harburg 1926 e.V."
40013,4,400,"SC Diogenes e.V."
40015,4,400,"SV Eidelstedt"
40016,4,400,"SC Farmsen 1966"
40018,4,400,"TV Fischbek Suederelbe"
40019,4,400,"SAbt Gehörlosen SPV 04"
40020,4,400,"SV Großhansdorf"
40022,4,400,"SC Rösselsprung e.V."
40023,4,400,"Hamburger SK von 1830 eV"
40024,4,400,"Mümmelmannsberger SV"
40026,4,400,"SAbt SV Lurup Hamb. 1923"
40027,4,400,"Langenhorner SF 1928"
40028,4,400,"SK Marmstorf GW Harburg"
40030,4,400,"Niendorfer TSV 1919 SAbt"
40032,4,400,"Pinneberger SC 1932 eV"
40033,4,400,"SG Wichern-Schule im SSW"
40035,4,400,"Bille SC von 1924 e.V."
40036,4,400,"SF Sasel 1947"
40037,4,400,"SF Hamburg e.V. 1934"
40038,4,400,"SK Johanneum Eppendorf"
40039,4,400,"FC ST.Pauli 1910 eV SAbt"
40040,4,400,"SK Union Eimsbuettel eV"
40041,4,400,"SC Schachelschweine e.V."
40042,4,400,"Volksdorfer SK 1948"
40043,4,400,"SF Wedel"
40044,4,400,"SK Wilhelmsburg 1936 eV"
40055,4,400,"Königsspr. SC.1984 e.V."
40059,4,400,"SC Schwarz-Weiß Harburg"
40062,4,400,"SK Weisse Dame Hamburg"
40067,4,400,"SC Sternschanze von 1911 e.V."
40068,4,400,"TSG Turn- und Sportgemeinschaft Bergedorf von 1860 e.V."
40069,4,400,"Stadtpark Barrio 1996 e.V."
51001,5,510,"SV Anderssen Arolsen"
51003,5,510,"SC Eschwege"
51006,5,510,"SK Hofgeismar"
51008,5,510,"Kasseler SK 1876"
51009,5,510,"SF Korbach"
51010,5,510,"Mündener SC von 1925"
51013,5,510,"SC Melsungen-Körle 1966"
51014,5,510,"SVG CAISSA Kassel"
51015,5,510,"SK Bad Sooden-Allendorf"
51017,5,510,"SC 1968 Neuenbrunslar"
51019,5,510,"SC Kaufungen"
51020,5,510,"SK Vellmar 1950"
51023,5,510,"Homberger SC"
51025,5,510,"Schachklub Baunatal 1963"
51028,5,510,"GSV 74 Wehlheiden"
51030,5,510,"SK Wichtelkönig Zierenberg 2011"
51032,5,510,"SC Diemelstadt"
51038,5,510,"SC Grauer Turm Fritzlar"
51041,5,510,"Sfr. Wolfhagen e. V."
51050,5,510,"Ahnataler SC 1969 (ASC69)"
51053,5,510,"SK Upland Willingen"
51055,5,510,"SV KK Heckershausen"
51056,5,510,"SV Schneller Läufer Edertal 2009"
51057,5,510,"SAbt TG 1949 Wehlheiden"
51059,5,510,"TSV 1921 Wenigenhasungen"
51060,5,510,"Sportgemeinschaft Schönfeld 1989"
51061,5,510,"SAbt TSV Netra 1913"
52001,5,520,"SV Alsfeld"
52003,5,520,"SC Fulda"
52004,5,520,"SV Rochade Hünfeld"
52005,5,520,"SVG Lauterbach"
52006,5,520,"SC Rotenburg"
52007,5,520,"SVG ""Landeck"" Schenklengsfeld"
52010,5,520,"SC Langenbieber"
52014,5,520,"SC Ehrenberg"
52016,5,520,"SG Springer Burghaun"
52017,5,520,"SK Turm Bad Hersfeld"
53001,5,530,"Sfr. Atzbach"
53002,5,530,"SF Braunfels"
53004,5,530,"Sfr. Wieseck"
53005,5,530,"SK Herborn 1946"
53006,5,530,"SC Heuchelheim"
53007,5,530,"SK Marburg 1931/72"
53009,5,530,"SAbt Rochade '84 im TSV Königsberg"
53010,5,530,"SK Stadtallendorf"
53014,5,530,"Schachfreunde Battenberg"
53024,5,530,"SSG Hungen-Lich"
53030,5,530,"Biebertaler Schachfreunde"
53034,5,530,"SC Königsspr. Gladenbach"
53035,5,530,"SC Bauernfreunde Schwalm"
53039,5,530,"SJ Herborn 1998"
53040,5,530,"Schachtreff Großen-Buseck"
53042,5,530,"SF Kirchhain-Rauschenberg 1947/84"
53043,5,530,"SC Butzbach 2000"
53044,5,530,"SF TuS Brandoberndorf"
53046,5,530,"SAbt TSV 1907 Allendorf-Lumda"
54005,5,540,"SAbt SG 1945 Dietzenbach"
54006,5,540,"SV Erlensee"
54007,5,540,"SC 1934 Gelnhausen"
54008,5,540,"SV Königsspringer 1929 Großauheim"
54010,5,540,"SK Gründau"
54011,5,540,"SF Hailer-Meerholz"
54012,5,540,"1.Hainstädter SC 1950"
54013,5,540,"SC Nidderau"
54014,5,540,"SC Langenselbold 1929"
54015,5,540,"SV 1934 Maintal"
54016,5,540,"SAbt SU Mühlheim"
54017,5,540,"SC 1952 Obertshausen"
54018,5,540,"VSG 1880 Offenbach"
54019,5,540,"SC ""Springer"" Rodenbach"
54020,5,540,"SC Ronneburg"
54022,5,540,"SF Schöneck"
54024,5,540,"SC Somborn 1933"
54027,5,540,"SK 1959 Bischofsheim"
54031,5,540,"SF Neuberg"
54035,5,540,"SC Heusenstamm"
54041,5,540,"Bruchköbler SV 93"
54043,5,540,"SV Bergwinkel"
54046,5,540,"SF Dettingen 1950"
54047,5,540,"SF Seligenstadt 05"
54048,5,540,"Spielgemeinschaft Kinzigtal"
54049,5,540,"SF Heusenstamm"
54050,5,540,"Schachdrachen Büdingen-Wächtersbach"
54051,5,540,"SC 1981 Sotzbach"
54052,5,540,"TV 1887 Hochstadt"
55001,5,550,"SK Bad Homburg 1927"
55002,5,550,"SC Bergen-Enkheim 1922"
55003,5,550,"SC Eschbach im Usinger Land"
55004,5,550,"SV 1926 Fechenheim"
55005,5,550,"SF Frankfurt 1921"
55009,5,550,"FV Berkersheim"
55010,5,550,"SV 1926 Neu-Isenburg"
55012,5,550,"Königliche Trakehner Frankfurt Karbo 2020"
55013,5,550,"Sportfreunde Fortuna Dreieich 2009"
55014,5,550,"SVG Oberhessen Echzell"
55023,5,550,"SC Bad Nauheim"
55024,5,550,"SV Oberursel"
55026,5,550,"SC Brett vorm Kopp Ffm"
55027,5,550,"Bad Vilbeler Sfr. 1985"
55032,5,550,"SAbt TuS Makkabi Ffm"
55033,5,550,"Blindenschachklub Frankfurt"
55034,5,550,"SC Matt im Park Ffm"
55036,5,550,"Sabt Frankfurter TV 1860"
55038,5,550,"SAbt Niederräder TG"
55039,5,550,"Chess Tigers Schach-Förderverein 1999"
55040,5,550,"SV Frankfurt Nord 1926"
55041,5,550,"SG 2001 Griesheim"
55042,5,550,"SK 1858 Gießen"
55043,5,550,"SK Königsjäger Hungen"
55046,5,550,"Königsspringer Karben"
55047,5,550,"SAbt TG Bornheim"
56001,5,560,"SAbt TEC Darmstadt"
56004,5,560,"SK 1927 Dieburg"
56005,5,560,"SK Eberstadt 1924"
56007,5,560,"SC Goddelau"
56009,5,560,"SC Reinheim - Groß-Bieberau"
56010,5,560,"SC ""Turm"" Breuberg"
56011,5,560,"SK Langen"
56013,5,560,"SC Münster"
56014,5,560,"SC Ober-Ramstadt"
56015,5,560,"SK 1924 Pfungstadt"
56016,5,560,"SC Schachmatt Weiterstadt"
56017,5,560,"SC Groß-Zimmern"
56018,5,560,"SV Griesheim 1976"
56019,5,560,"SC Rödermark"
56022,5,560,"SC Groß-Umstadt"
56023,5,560,"SG Wartturm Schaafheim"
56024,5,560,"SK 1980 Gernsheim"
56025,5,560,"SC Springer Bad König"
56026,5,560,"SC Ladja Roßdorf"
56027,5,560,"SAbt TV 1893 Seeheim"
56035,5,560,"SC FK Babenhausen 1994"
56036,5,560,"Schachforum Darmstadt 1994"
56037,5,560,"SAbt SV Erzhausen"
56039,5,560,"SSG Rödermark/Eppertshausen"
57001,5,570,"SVG Eppstein 1932"
57003,5,570,"SC Flörsheim 1921"
57004,5,570,"SV 1934 Ffm-Griesheim"
57005,5,570,"SV 1946 Groß-Gerau"
57006,5,570,"Sfr. Hochheim"
57007,5,570,"SC 1910 Höchst"
57008,5,570,"SV 1920 Hofheim"
57009,5,570,"Sfr.1932 Kelkheim"
57010,5,570,"SV 1920 Kelsterbach"
57012,5,570,"SC 1961 König Nied"
57013,5,570,"SV 1929 Raunheim"
57014,5,570,"SV Rüsselsheim 1929"
57019,5,570,"SC Steinbach"
57020,5,570,"Sfr.Königstein 1972"
57022,5,570,"SC Eschborn 1974"
57025,5,570,"SC 1979 Hattersheim"
57026,5,570,"SC Bad Soden"
57028,5,570,"SAbt VfL Goldstein"
57030,5,570,"Sfr. Mörfelden-Walldorf"
57031,5,570,"SC Frankfurt-West"
57032,5,570,"SV 1997 Nauheim"
57033,5,570,"Sfr. Taunus Königstein/Schwalbach"
57034,5,570,"SV Mainspitze Ginsheim"
58001,5,580,"SK Bad Schwalbach"
58002,5,580,"SV Biebrich"
58003,5,580,"FC 1934 Wiesbaden-Bierstadt"
58005,5,580,"Schachfreunde Hünstetten"
58007,5,580,"SAbt BKA Wiesbaden"
58008,5,580,"Schachfreunde Eltville"
58009,5,580,"FT Schierstein"
58010,5,580,"SK 1950 Geisenheim"
58012,5,580,"SG Turm Idstein"
58019,5,580,"Wiesbadener SV 1885"
58024,5,580,"SAbt TuS Dotzheim"
58030,5,580,"TuS Makkabi Wiesbaden"
58032,5,580,"Sfr Stiller Zug Wiesbaden"
59003,5,590,"SC Langendernbach"
59004,5,590,"SV Lahn Limburg"
59005,5,590,"SK Niederbrechen 1948"
59008,5,590,"SC ""Rochade 69"" Diez e. V."
59009,5,590,"SC 1971 Bad Marienberg e.V."
59010,5,590,"SK 1948 Weilburg"
59015,5,590,"SC Königsflügel Lindenholzhausen 1979"
59017,5,590,"TUS Niederneisen"
59018,5,590,"TuS Löhnberg"
5A001,5,5A0,"Sges Bensheim 1931"
5A002,5,5A0,"SK Bickenbach"
5A003,5,5A0,"SF Bürstadt"
5A004,5,5A0,"SK 1947 Einhausen"
5A005,5,5A0,"SK 1945 Fürth"
5A006,5,5A0,"Sfr. Heppenheim"
5A007,5,5A0,"Freibauer Mörlenbach-Birkenau"
5A009,5,5A0,"SV Reichenbach"
5A010,5,5A0,"SC 1970 Lorsch"
5A014,5,5A0,"SV Biblis"
5A015,5,5A0,"SC 1987 Hofheim/Ried"
57035,5,500,"SAbt SG Wildsachsen"
55048,5,500,"SV 1934 Ffm-Griesheim"
54053,5,500,"SC Mattmeister Karben 1998 e.V."
59019,5,500,"SVKT Bad Camberg 2025"
61101,6,611,"Bochumer Schachverein 02"
61104,6,611,"Sport Union Annen e. V."
61105,6,611,"Schachgemeinschaft Blankenstein 1947 e. V."
61108,6,611,"Schachgesellschaft Bochum 1931"
61136,6,611,"Schachgemeinschaft Ennepe-Ruhr-Süd"
61110,6,611,"Schachverein Hattingen e. V."
61112,6,611,"Schachfreunde Springer Bochum 1921/28"
61113,6,611,"Schachgesellschaft Witten"
61115,6,611,"Schachgemeinschaft Winz-Baak 48"
61116,6,611,"Schachverein Welper 1922 e. V."
61117,6,611,"SC Gerthe 46 - Werne"
61118,6,611,"Sportfreunde Schnee e.V."
61119,6,611,"Schachverein Wattenscheid 1930 e. V."
61120,6,611,"Schachverein Günnigfeld 1922 e. V."
61133,6,611,"Schachverein Bochum-Linden-Dahlhausen 1922"
61202,6,612,"Schachclub Hansa Dortmund e. V."
61205,6,612,"Dortmunder Schachverein 1875"
61206,6,612,"Schachgesellschaft Mengede 1922"
61208,6,612,"Schachvereinigung Marten-Bövinghausen"
61209,6,612,"Schachfreunde Brackel 1930 e. V."
61210,6,612,"Freier Sportverein von 1898 Dortmund e. V."
61214,6,612,"Schachverein Eichlinghofen 1935"
61218,6,612,"Schachunion Huckarde-Westerfilde"
61226,6,612,"Schachclub Wambel 77 e. V."
61228,6,612,"SV Rochade Eving 25/64"
61235,6,612,"Schachfreunde Schüren 77/87 e. V."
61236,6,612,"Schachfreunde Berghofen-Hörde"
61239,6,612,"Schachfreunde Lünen 1993 e. V."
61241,6,612,"Schachclub Doppelbauer Brambauer e. V."
61242,6,612,"DJK Ewaldi Aplerbeck 1930 e. V."
61243,6,612,"Schachclub Scharnhorst 2002"
61301,6,613,"Schachverein Rot-Weiß-Altenessen 1930 e. V."
61303,6,613,"DJK Wacker Bergeborbeck 1922"
61305,6,613,"Kettwiger Schachgesellschaft 1948 e. V."
61307,6,613,"Rochade Steele/Kray 1919/38"
61325,6,613,"Schachverein Mülheim-Nord 1931 e. V."
61326,6,613,"Schachclub Mülheim 08/25 e. V."
61310,6,613,"Schachklub Holsterhausen e. V."
61311,6,613,"Schachgemeinschaft Germania Ruhrhalbinsel 1924/46 e. V."
61313,6,613,"Schachfreunde Essen-Werden 1924/80 e. V."
61314,6,613,"Schachclub Listiger Bauer Essen-West e. V."
61316,6,613,"Schachclub Weiße Dame Borbeck 25 e. V."
61317,6,613,"SC Rochade Rüttenscheid 1983"
61324,6,613,"Schachfreunde Essen-Katernberg 04/32 e. V."
61403,6,614,"Hervest-Dorstener Schachklub 1956"
61404,6,614,"Schachgesellschaft-Gladbeck 19/23 e. V."
61406,6,614,"Schachfreunde Kirchhellen 50/72 e. V."
61429,6,614,"Turnclub Sterkrade1869 Oberhausen e. V."
61430,6,614,"Schachfreunde Fliegenpils e. V."
61410,6,614,"Oberhausener Schachverein 1887 e. V."
61412,6,614,"SC Buer-Hassel 1919 e. V."
61414,6,614,"Schachverein Horst-Emscher 1931 e. V."
61417,6,614,"Schachverein Bottrop 1921"
61422,6,614,"Schachverein Schwarz-Weiß Oberhausen 51/96"
61423,6,614,"Sportvereinigung Sterkrade-Nord 1920/25 e. V."
61426,6,614,"Schwarze Dame Osterfeld"
61504,6,615,"Schachverein Heessen 1925"
61505,6,615,"Schachverein Ahlen 1954 e. V."
61507,6,615,"Schachklub Werne 1972"
61508,6,615,"Schachverein Unna 1924"
61510,6,615,"Schachverein Kamen 1930"
61513,6,615,"Schachverein Rünthe 1946"
61515,6,615,"Schachverein Bönen 49"
61516,6,615,"Schach-Club Horstmar 73"
61517,6,615,"Schachgemeinschaft Caissa Hamm 1981"
61518,6,615,"Schachgemeinschaft Werl-Wickede 81/73 e. V."
61520,6,615,"Schachverein Königsspringer Hamm 45/58"
61522,6,615,"Hammer Sportclub 2008 e. V."
61701,6,617,"Schachclub Recklinghausen Altstadt 06"
61703,6,617,"Schachverein Königsspringer Haltern 1962 e. V."
61704,6,617,"Schachverein Datteln 1924"
61706,6,617,"Schachgemeinschaft Drewer 54 e. V."
61707,6,617,"Recklinghäuser Schachverein Süd/Ost 2022"
61708,6,617,"Schachverein Erkenschwick 1923 e. V."
61709,6,617,"Schachverein Waltrop 1922 e. V."
61724,6,617,"Schachgemeinschaft Wanne"
61711,6,617,"Sportgemeinschaft Suderwich 1909 e. V."
61713,6,617,"SV Hullern von 1968 e. V."
61714,6,617,"Schachgruppe Rochade Disteln 1991"
61719,6,617,"SK Sodingen/Castrop 24/23 e. V."
61720,6,617,"Schachklub Ickern 60"
61722,6,617,"Schachverein Unser Fritz Wanne-Eickel 1955 e. V."
61723,6,617,"SV Zeppelin Herne e. V."
62101,6,621,"Schachgesellschaft Solingen e. V."
62103,6,621,"Ohligser Turnverein 1888 e. V."
62105,6,621,"Schachclub Solingen 1928 e. V."
62106,6,621,"Elberfelder Schach-Gesellschaft 1851"
62109,6,621,"Vohwinkeler Schachclub von 1929"
62110,6,621,"Ronsdorfer Schachverein e. V."
62111,6,621,"Schachfreunde Vonkeln 1931"
62112,6,621,"Radevormwalder Schachverein 1925"
62113,6,621,"Schachverein Wermelskirchen 32"
62115,6,621,"SV Schwarz-Weiß Remscheid"
62119,6,621,"Velberter Schachgesellschaft 1923 e. V."
62125,6,621,"Schachfreunde Neviges 1960 e. V."
62130,6,621,"Schachfreunde Unterbarmen"
62133,6,621,"Schachfreunde Anna 88 Wuppertal"
62135,6,621,"Schachclub Tornado Wuppertal 1991"
62138,6,621,"Bahn-Schachclub Wuppertal"
62140,6,621,"Turnverein Witzhelden 1884 e. V."
62141,6,621,"Mettmann-Sport e.V."
62142,6,621,"Männer-Turn-Verein Langenberg 1882 e. V."
62143,6,621,"Schachfreunde Lennep"
62202,6,622,"Düsseldorfer Schachverein 1854"
62205,6,622,"Turn- und Sportvereins Maccabi e. V. - Düsseldorf"
62209,6,622,"Schachclub Erkrath 1973"
62242,6,622,"Schachclub Monheim/Baumberg 1958 e. V."
62212,6,622,"Verein f. Sport u. Freizeit v. 1975 Düsseldorf-Süd e. V."
62213,6,622,"Schachclub Düsseldorf Garath 1973"
62215,6,622,"Schachverein 1922 Hilden"
62219,6,622,"Sportgemeinschaft Kaarst 1912/35 e. V."
62220,6,622,"Schachverein Lintorf 1947"
62221,6,622,"Oberbilker Schachverein 1960"
62222,6,622,"Ratinger Schachklub 1950"
62227,6,622,"Turn- u. Sportverein Düsseldorf-Nord e. V."
62228,6,622,"Schachverein Wersten 1964 e. V."
62233,6,622,"Schachgemeinschaft Neuss e. V."
62234,6,622,"Schachfreunde Gerresheim 86 e. V."
62236,6,622,"Düsseldorfer Schachklub 14/25 e. V."
62301,6,623,"OSC Rheinhausen 04 e. V."
62313,6,623,"Bahn-Schachklub Weiße Dame Wedau-Bissingheim 1925"
62317,6,623,"Polizeisport-Verein Duisburg 1920 e. V."
62320,6,623,"Schachfreunde Brett vor'm Kopp Duisburg e. V."
62321,6,623,"Schachgemeinschaft Meiderich/Ruhrort e. V."
62322,6,623,"Schachgemeinschaft Duisburg-Nord 07/45 e. V."
62402,6,624,"Emmericher Schachclub 1928 e. V."
62403,6,624,"Schachfreunde Erkelenz 1959 e. V."
62406,6,624,"Schulschachverein Brüder-Grimm Niederrhein e.V."
62409,6,624,"TSV Meerbusch e. V."
62411,6,624,"Schachgemeinschaft Hochneukirch 1955"
62414,6,624,"Schachclub Kevelaer 1948 e. V."
62415,6,624,"Schachklub Turm Kleve 1974 e. V."
62416,6,624,"Schachverein Springer Kranenburg"
62418,6,624,"Krefelder Schachgesellschaft Rochade 1926 e. V."
62419,6,624,"Krefelder Schachklub Turm 1851 e. V."
62420,6,624,"Mönchengladbacher Schachverein 1878 e. V."
62421,6,624,"Schachgemeinschaft Nettetal 1929/70 e. V."
62425,6,624,"Rheydter Schachverein 1920"
62426,6,624,"Schachklub Turm Rheydt 1929 e. V."
62427,6,624,"Schachklub Turm Schiefbahn 1931"
62428,6,624,"Schachclub Straelen 1956 e. V."
62429,6,624,"Schachfreunde Süchteln 1938 e. V."
62430,6,624,"Schachclub Springer St.Tönis 1949 e. V."
62431,6,624,"Uedemer Schachclub 1948 e. V."
62433,6,624,"Schachclub Bayer Uerdingen 1923 e. V."
62435,6,624,"Wegberger Schachverein 1962 e. V."
62437,6,624,"DJK Kleinenbroich 1951 e. V."
62440,6,624,"Schachfreunde Dremmen 1962"
62443,6,624,"Schachklub Turm Brüggen"
62446,6,624,"Schachfreunde 1974 Heinsberg e. V."
62448,6,624,"SV Blau-Weiß Concordia 07/24 Viersen e. V"
62452,6,624,"Schachfüchse Kempen 1986 e. V."
62453,6,624,"SC Tornado 86 Hochneukirch"
62459,6,624,"Schachfreunde WSB-Krefeld 1999 e. V."
62461,6,624,"TTC Blau-Weiß Geldern Veert e. V."
62501,6,625,"Schachverein Dinslaken 1923 e. V."
62503,6,625,"Turn- und Sportfreunde Xanten 05/22 e. V."
62505,6,625,"Schachverein Turm Kamp-Lintfort"
62507,6,625,"Schachclub Caissa Moers"
62508,6,625,"Schachverein Neukirchen-Vluyn von 1927 e. V."
62509,6,625,"TUS 08 Rheinberg e. V."
62510,6,625,"Schachfreunde Moers e. V."
62511,6,625,"Schachverein Wesel 1928 e. V."
62516,6,625,"Schachgemeinschaft Hünxe e. V."
62519,6,625,"Turnverein Mehrhoog 64 e. V."
63201,6,632,"Schachverein Ardeyhöhe e. V."
63203,6,632,"Schachverein Hemer 1932 e. V."
63206,6,632,"Schachverein Victoria Hohenheide 1948"
63207,6,632,"Schachklub Königsspringer Iserlohn 1934"
63209,6,632,"Schachverein Letmathe 1933 e. V."
63212,6,632,"Schachfreunde Schwerte 1951"
63214,6,632,"Schachverein Menden 24 e. V."
63215,6,632,"SC Königsspringer Hagen/Wetter"
63216,6,632,"Schachfreunde Herdecke e. V."
63217,6,632,"Schachverein Turm Hohenlimburg 1926 e. V."
63219,6,632,"TSV Hagen 1860 e. V."
63302,6,633,"Schachverein Bergneustadt/Derschlag"
63303,6,633,"Schachverein Gummersbach"
63306,6,633,"Schachfreunde Lindlar 1977"
63307,6,633,"Schachclub Marienheide 1933 e. V."
63308,6,633,"Schachklub Meinerzhagen"
63309,6,633,"Sportverein Morsbach 02/29 e. V."
63310,6,633,"Schachfreunde Olpe e. V."
63314,6,633,"Schachverein Wiehl 1923 e. V."
63317,6,633,"Schachverein Kierspe 1929"
63322,6,633,"Schachclub Turm Windeck"
63324,6,633,"Schachverein Turm Drolshagen 04"
63402,6,634,"Schachverein Herdringen"
63403,6,634,"Schachverein Sundern 1973"
63404,6,634,"Schachverein Meschede e. V."
63405,6,634,"Schachverein Velmede-Bestwig"
63406,6,634,"Schachfreunde Josefsheim Bigge"
63408,6,634,"Schachverein Schmallenberg 1948 e. V."
63420,6,634,"SC Chessence 64 e. V."
63410,6,634,"Schachverein Brilon"
63413,6,634,"Schachfreunde Eslohe"
63415,6,634,"Schachclub Marsberg e. V."
63418,6,634,"Schachverein Ruhrspringer"
63419,6,634,"SG Turm Somplar e. V."
63503,6,635,"Schachgemeinschaft Lüdenscheid e. V."
63504,6,635,"VFB Altena 1912 e. V."
63505,6,635,"Schachfreunde Neuenrade"
63506,6,635,"Schachfreunde Attendorn e. V."
63507,6,635,"Schachvereinigung 1920 Plettenberg e. V."
63510,6,635,"Märkischer Springer Halver-Schalksmühle e. V."
63511,6,635,"Schachfreunde Lennestadt-Meggen  e. V."
63514,6,635,"Turn-Spielverein Dahl 1878 e. V."
63608,6,636,"Hellertaler Schachfreunde 1954 e. V."
63609,6,636,"TUS Herdorf DJK"
63610,6,636,"Schachclub Hilchenbach"
63613,6,636,"Schachverein Kreuztal e. V."
63614,6,636,"Schachverein Bad Laasphe 1954"
63616,6,636,"Königsspringer Schutzbach 1965"
63617,6,636,"Siegener Schachverein 1878"
63619,6,636,"SV Betzdorf-Kirchen"
63623,6,636,"Schachverein Weidenau/Geisweid e. V."
63624,6,636,"Schachverein Caissa Gosenbach-Eiserfeld"
63628,6,636,"Schachsportverein Burbach e.V."
63629,6,636,"SC 07 Niederfischbach"
64101,6,641,"Schachclub Rochade 1963 Beckum"
64104,6,641,"Brackweder Schachklub von 1924"
64105,6,641,"Schachverein Ennigerloh-Oelde"
64107,6,641,"Gütersloher Schachverein von 1923 e. V."
64108,6,641,"Heeper Schachklub von 1973"
64109,6,641,"Schachclub Herzebrock-Clarholz 1977"
64130,6,641,"Schachklub Werther 1949 e. V."
64131,6,641,"Schachklub Halle 1946 e. V."
64132,6,641,"Turnverein von 1912 Verl e. V."
64112,6,641,"Rhedaer Schachverein von 1931 e. V."
64113,6,641,"Schachklub Sieker Bielefeld"
64114,6,641,"Schachklub Stukenbrock e.V. 1969"
64115,6,641,"SV Ubbedissen 09 e. V."
64118,6,641,"Schachclub Wiedenbrück"
64120,6,641,"TuS Brake von 1896 e. V."
64124,6,641,"Schachgemeinschaft Turm Rietberg e. V."
64125,6,641,"Schachclub Beckum-Wadersloh e. V."
64126,6,641,"Bielefelder Schachklub von 1883 e. V."
64201,6,642,"Schach-Club Höxter"
64203,6,642,"Schachclub Geseke e. V."
64208,6,642,"Schachverein Soest 1926"
64210,6,642,"Schachklub Königsspringer Wewelsburg"
64211,6,642,"Schachklub Delbrück"
64213,6,642,"Schachclub Turm Beverungen"
64215,6,642,"SK 1980 Bad Lippspringe e. V."
64223,6,642,"Spielgemeinschaft Schachfreunde Brakel-Bad Driburg"
64224,6,642,"Turn- u. Rasensportgemeinde Elsen e. V. 1894/1911"
64228,6,642,"SK Blauer Springer Paderborn 1926 e. V."
64229,6,642,"Schachgemeinschaft Hövelhof"
64231,6,642,"LSV Turm Lippstadt"
64239,6,642,"SchachAkademiePaderborn e. V."
64302,6,643,"Schachclub Caissa Bad Salzuflen e. V."
64303,6,643,"Schachklub ""Turm"" Lage 1926 e. V."
64304,6,643,"Schachverein Königsspringer Lemgo e. V."
64305,6,643,"Schach-Klub Tönsberg Oerlinghausen"
64306,6,643,"Schachverein Barntrup 1976"
64308,6,643,"Schachclub Horn-Bad Meinberg e. V."
64309,6,643,"Schachclub Leopoldshöhe"
64312,6,643,"Schachfreunde Lieme e. V."
64316,6,643,"Turn- u. Sportverein Eichholz-Remmighausen 1946 e. V."
64402,6,644,"Schachverein Bad Oeynhausen"
64403,6,644,"Schachgemeinschaft Bünde 1945"
64404,6,644,"Schachgemeinschaft Enger-Spenge"
64406,6,644,"Herforder Schachverein Königsspringer v. 1917 e. V."
64407,6,644,"Schachverein Rochade Rödinghausen e. V."
64408,6,644,"Schachgemeinschaft Löhne von 1946 e. V."
64410,6,644,"Schachklub Minden 08"
64411,6,644,"Schachverein Oetinghausen von 1945"
64412,6,644,"Schachclub Porta Westfalica 1950"
64414,6,644,"Schachclub Springer Schnathorst e. V."
64418,6,644,"Schachgemeinschaft Hücker-Aschen e. V."
64420,6,644,"Schachgemeinschaft Freibauer Lübbecke"
64421,6,644,"Schachgemeinschaft Kirchlengern 1991"
64423,6,644,"Proleter Westfalen"
64506,6,645,"Spvg. Versmold 1945 e. V."
64508,6,645,"Schachklub Steinhagen"
64512,6,645,"Schachverein 1948 Künsebeck e. V."
64133,6,645,"zweihochsechs Bielefeld e. V."
65112,6,651,"Schachklub Königsspringer Nordwalde"
65113,6,651,"SC Klein-Berlin Rheine 1923 e. V."
65117,6,651,"Schachfreunde Reckenfeld"
65118,6,651,"Schachverein Ibbenbüren 1946"
65120,6,651,"Schachclub 59 Westerkappeln"
65126,6,651,"Schachclub Rochade Emsdetten"
65129,6,651,"Schachclub Steinfurt 1996 e. V."
65130,6,651,"Chess Club Rheine 97 e. V."
65131,6,651,"Sportclub Falke Saerbeck 1924 e. V."
65201,6,652,"Schachklub Bocholt 1926 e. V."
65202,6,652,"Turnverein Borken 1922 e. V."
65204,6,652,"Schachclub Heek 1947 e. V."
65205,6,652,"SV Heiden 62 e. V."
65206,6,652,"Schachverein Benediktushof Reken e. V."
65207,6,652,"Schachklub Metelen 46 e. V."
65208,6,652,"Schachklub Ochtrup 61 e. V."
65209,6,652,"Südlohner Schachverein 1956 e. V."
65210,6,652,"Schachfreunde Stadtlohn 1947 e. V."
65213,6,652,"Schachgemeinschaft Turm Raesfeld/Erle"
65214,6,652,"Schachclub Gronau 1920 e. V."
65216,6,652,"Schachklub Gescher 81 e. V."
65221,6,652,"Schachgemeinschaft Ahaus-Wessum 1998 e. V"
65301,6,653,"Schachklub Münster 32 e. V."
65302,6,653,"Schachfreunde Telgte 1959 e. V."
65304,6,653,"Schachklub Dülmen 1952 e. V."
65306,6,653,"Schachclub Hiltrup 86"
65308,6,653,"DJK Eintracht Coesfeld e. V."
65332,6,653,"Sportclub Deutsche Jugendkraft Everswinkel e.V."
65310,6,653,"Schachfreunde Olfen 1975"
65312,6,653,"Schachfreunde Greven 1948"
65315,6,653,"Schachclub Sendenhorst e. V."
65316,6,653,"Allgem. Sportverein Senden Turn- u. Hallensportverein e. V."
65320,6,653,"Schachfreunde Beelen 1984 e. V."
65323,6,653,"Indische Dame Münster"
65327,6,653,"Schach Nienberge 2003 e. V."
65328,6,653,"Schachverein Türme Billerbeck e. V."
65330,6,653,"Schachfreunde Drensteinfurt e. V."
65331,6,653,"Schachgemeinschaft Schloss-König 07 Nordkirchen e. V."
65333,6,653,"Mattnetz Münster"
66101,6,661,"Aachener Schach-Gesellschaft 1930"
66102,6,661,"Aachener Schachverein 1856 e. V."
66103,6,661,"Schachvereinigung 1928 Alsdorf e. V."
66104,6,661,"Turnverein ""Eifeler Turnkraft"" Konzen 1922 e. V."
66105,6,661,"DJK Aufwärts St. Josef Aachen 1920"
66107,6,661,"DJK Arminia Eilendorf 1919 e. V."
66108,6,661,"Eschweiler Schachclub 1921 e. V."
66109,6,661,"Schachverein 1949 Herzogenrath"
66129,6,661,"Schach im Schacht Aachen e. V."
66110,6,661,"Schachgesellschaft Kohlscheid 1926 e. V."
66113,6,661,"Post-Telekom SV 1925 Aachen e. V."
66114,6,661,"Schachclub Roetgen 1952"
66117,6,661,"Stolberger Schachverein 1927"
66118,6,661,"Schachvereinigung Übach-Palenberg 1934 e. V."
66119,6,661,"Schachverein Würselen 1926 e. V."
66120,6,661,"Schachverein Lendersdorf 57 e. V."
66121,6,661,"Schachfreunde 1980 Baesweiler e. V."
66122,6,661,"Schachclub Kalterherberg 1980 e. V."
66124,6,661,"Schachfreunde Brand 1981 e. V."
66125,6,661,"Schachclub Tigerli PP Aachen"
66126,6,661,"Schachfreunde Geilenkirchen 1984"
66127,6,661,"SV Sportfreunde Aachen-Hörn 1948 e. V."
66128,6,661,"Salonremis Aachen Null-Null"
66202,6,662,"Godesberger Schachklub 1929 e. V."
66203,6,662,"Schachgemeinschaft Siebengebirge e. V."
66205,6,662,"Schachverein Hennef 1927 e. V."
66206,6,662,"Schachclub 1919 Siegburg e. V."
66207,6,662,"Verein Rheinbacher Schachfreunde 1948 e. V."
66208,6,662,"1. Schach-Klub Troisdorf e. V."
66211,6,662,"Schachfreunde Lohmar 1974 e. V."
66225,6,662,"Schachklub Heimerzheim"
66232,6,662,"Vereinigung der Schachsportfreunde Stadtverw. Bonn e. V."
66235,6,662,"SC Empor Maulwurf Bonn"
66237,6,662,"Schachverein Turm Sankt Augustin e. V."
66239,6,662,"Tischtennisclub Grün-Weiß Fritzdorf 1958 e. V."
66243,6,662,"Schachclub Bonn Beuel"
66244,6,662,"Schachfreunde Seelscheid e. V."
66301,6,663,"Bergische Schachfreunde Bergisch Gladbach 1923 e. V."
66302,6,663,"Schachverein 1925 Hürth-Berrenrath"
66304,6,663,"Brühler Schachklub 1920 e. V."
66305,6,663,"Roter Stern Köln-Mülheim e. V."
66307,6,663,"Schachverein Dormagen 1947"
66308,6,663,"Schachverein Turm Bergheim 25 e. V."
66311,6,663,"Schachklub Turm Euskirchen 65"
66313,6,663,"Ford Schachfreunde Köln e. V."
66315,6,663,"Betriebssportgemeinschaft Rheinpark e. V."
66318,6,663,"Schachklub Köln-Südwest"
66319,6,663,"Klub Kölner Schachfreunde e. V. 1967"
66320,6,663,"Kölner Schachklub Dr. Lasker 1861 e. V."
66322,6,663,"Schachfreunde Köln-Longerich 1956"
66323,6,663,"Schachfreunde Köln-Mülheim e. V."
66331,6,663,"Schachfreunde Rodenkirchen e. V."
66334,6,663,"Schachverein Horrem 1948"
66335,6,663,"Pulheimer Sport-Club 1924/57 e. V."
66340,6,663,"Schachgemeinschaft Porz e. V."
66341,6,663,"Schachgemeinschaft Rochade Brauweiler 1979 e. V."
66342,6,663,"Schachklub Köln-Worringen 1972"
66343,6,663,"Schachgemeinschaft Niederkassel e. V."
66344,6,663,"SF Köln-Müngersdorf 1935"
66348,6,663,"Schachclub Poller Schachesel 80"
66357,6,663,"Schachverein Erftstadt e. V."
66360,6,663,"Schachgemeinschaft Kalker/Deutzer 19/25"
66361,6,663,"SC Schachuzipus Köln-Mülheim"
66362,6,663,"Satranç Club 2000 e. V."
66364,6,663,"Schachklub Kerpen 64 e. V."
66367,6,663,"Schachverein Grünfeld e. V."
66401,6,664,"Bedburger Schachverein 1947 e. V."
66404,6,664,"Schachfreunde Jülich 2013 e. V."
66405,6,664,"Ford-Schachclub Düren 73 e. V."
66411,6,664,"SV Turm 1972 Merzenich"
66413,6,664,"Schachverein Sindorf 1965 e. V."
66414,6,664,"TUS Strempt e. V."
66418,6,664,"Schachvereinigung Düren 13 Derichsweiler"
66420,6,664,"SC Hota 25 Düren e. V."
66425,6,664,"Schachclub Partysan Mödrath e. V."
66501,6,665,"Schachverein Opladen 1922 e. V."
66502,6,665,"Schachverein Springer 70 Hitdorf e. V."
66503,6,665,"Schachclub Bayer Leverkusen e. V."
66508,6,665,"Schachclub Turm 64 Leichlingen"
66509,6,665,"Langenfelder Schachfreunde 1933"
66510,6,665,"Schachvereinigung 1919 Königsspringer Leverkusen"
66512,6,665,"BSW Opladen"
66514,6,665,"SF Schlebusch"
66517,6,665,"Schachverein Fideler Bauer Leverkusen"
70001,7,700,"Niedersächsische Schachjugend"
70103,7,701,"Sf Barsinghausen e.V."
70105,7,701,"SV Berenbostel"
70107,7,701,"HSK Lister Turm"
70108,7,701,"SV Bückeburg"
70109,7,701,"SVg Calenberg"
70110,7,701,"SK Döhren"
70111,7,701,"SF Eldagsen"
70116,7,701,"SK Anderten"
70119,7,701,"SV Laatzen"
70124,7,701,"SK Neustadt"
70126,7,701,"Hannover 96"
70127,7,701,"Schachfreunde Ricklingen e.V."
70128,7,701,"SV Springe"
70129,7,701,"SC Stadthagen"
70131,7,701,"SK Stolzenau"
70132,7,701,"SF Sulingen"
70134,7,701,"SK Wennigsen"
70136,7,701,"SG Weiß-Blau Eilenriede"
70139,7,701,"SG Garbsen/Marienwerder"
70141,7,701,"Eystruper SK"
70142,7,701,"BSV Hannovera Gleidingen"
70144,7,701,"SK Rinteln"
70148,7,701,"Schachtiger Langenhagen"
70153,7,701,"SV Gretenberg"
70154,7,701,"SC Hämelerwald"
70156,7,701,"SK Lehrte von 1919 e. V."
70157,7,701,"SC Uetze-Hänigsen"
70158,7,701,"TuS Wunstorf"
70159,7,701,"Freibauer Wedemark"
70161,7,701,"Schach-Drachen Isernhagen"
70167,7,701,"Sportverein Warmsen e.V. von 1948"
70168,7,701,"TSV Burgdorf"
70170,7,701,"Schachzentrum Bemerode"
70202,7,702,"Braunschweiger SF"
70204,7,702,"Polizei SV Braunschweig"
70210,7,702,"KSV Rochade Braunschweig"
70215,7,702,"SK Salzgitter-Bad"
70217,7,702,"SV Caissa Wolfenbüttel"
70219,7,702,"Helmstedter SV"
70220,7,702,"SG Königslutter"
70221,7,702,"Schöninger SV"
70224,7,702,"Peiner SV"
70230,7,702,"SF Fallersleben"
70231,7,702,"SV Gifhorn"
70232,7,702,"SC Wolfsburg"
70234,7,702,"SV Hankensbüttel-Bodenteich"
70235,7,702,"SF Bleckenstedt"
70240,7,702,"SV Apelnstedt"
70243,7,702,"SG Schöningen JFZ-I e.V."
70244,7,702,"SV Königsspringer Braunschweig"
70246,7,702,"SC Braunschweig Gliesmarode v. 1869 e.V."
70247,7,702,"SVG Salzgitter e.V."
70249,7,702,"SC Langlingen"
70250,7,702,"KSV Rochade Göttingen (Veltheim)"
70301,7,703,"Alfelder SV"
70303,7,703,"SK Bad Harzburg"
70304,7,703,"SC Bad Salzdetfurth"
70306,7,703,"Hildesheimer SV"
70307,7,703,"SG Holzminden"
70312,7,703,"Schachsport Plesse Bovenden"
70313,7,703,"SK Duderstadt"
70316,7,703,"SK Goslar"
70318,7,703,"Hamelner SV"
70328,7,703,"WSV Clausthal-Zellerfeld"
70332,7,703,"SK Turm Vienenburg"
70335,7,703,"SK Gronau"
70338,7,703,"MTV Bad Gandersheim"
70339,7,703,"SC Tempo Göttingen"
70344,7,703,"SV Osterode-Südharz"
70345,7,703,"ESV Rot-Weiß Göttingen"
70347,7,703,"VfL Oker"
70349,7,703,"SC Langelsheim"
70350,7,703,"SK Bad Lauterberg"
70351,7,703,"Post SV Bad Pyrmont"
70353,7,703,"KSV Rochade Göttingen"
70354,7,703,"TSV Herberhausen"
70403,7,704,"SC Bremervörde"
70404,7,704,"Blau-Weiss Buchholz"
70407,7,704,"SC Läuferpaar Verden e.V."
70408,7,704,"MTV Dannenberg"
70410,7,704,"SVg Böhmetal"
70419,7,704,"SK Springer Rotenburg"
70422,7,704,"Stader SV"
70423,7,704,"SC Sottrum"
70424,7,704,"Post SV Uelzen"
70425,7,704,"MTV Eintracht Celle"
70426,7,704,"SV Winsen (Luhe) von 1929 e.V."
70432,7,704,"MTV Tostedt"
70436,7,704,"Bleckeder SC"
70439,7,704,"SAbt MTV Salzhausen"
70441,7,704,"SC 81 Schneverdingen"
70442,7,704,"SK Verden"
70444,7,704,"SV Wesel"
70449,7,704,"TSV Gnarrenburg"
70453,7,704,"TSV Wietzendorf"
70454,7,704,"Eintracht Munster 2020"
70455,7,704,"SF Buxtehude"
70459,7,704,"FC Lachendorf"
70461,7,704,"Jorker SV"
70466,7,704,"SV Bad Bevensen"
70469,7,704,"SK Hermannsburg"
70471,7,704,"SK Cuxhaven"
70472,7,704,"TSV Germania Cadenberge"
70476,7,704,"SC Turm Lüneburg e.V."
70477,7,704,"FG Wohlde v. 76 e.V."
70478,7,704,"MTV Himmelpforten"
70501,7,705,"SC Aurich"
70505,7,705,"SK Königsspringer Emden"
70506,7,705,"Fortuna Logabirum e.V."
70507,7,705,"SK Jever"
70509,7,705,"SF Lohne"
70514,7,705,"SK Union Oldenburg"
70515,7,705,"SC Papenburg"
70516,7,705,"SF Quakenbrück"
70519,7,705,"SK Varel"
70520,7,705,"SV Kaponier Vechta"
70522,7,705,"Wilhelmshavener SC von 1887 e. V."
70526,7,705,"SC Schw. Springer Bad Zwischenahn"
70527,7,705,"Fehntjer SK"
70528,7,705,"TuS Esens"
70529,7,705,"SK Wildeshausen"
70531,7,705,"SC Hümmling"
70547,7,705,"SC Dünsen"
70552,7,705,"SC Ganderkesee"
70558,7,705,"Schachgesellschaft Barnstorf"
70560,7,705,"TSV Neubruchhausen"
70561,7,705,"STV Barßel"
70562,7,705,"Süderneulander SV"
70601,7,706,"TuS Bramsche"
70604,7,706,"Hagener SV"
70605,7,706,"SV Hellern"
70606,7,706,"SC Rochade Hollage"
70607,7,706,"SV Bad Bentheim"
70608,7,706,"SG Osnabrück"
70609,7,706,"SV Lingen"
70611,7,706,"SV Osnabrück von 1919"
70612,7,706,"SK Rulle"
70614,7,706,"SK Meppen"
70616,7,706,"SK Nordhorn-Blanke"
70617,7,706,"SV Veldhausen 07"
70618,7,706,"SC Dissen-Bad Rothenfelde"
70619,7,706,"SF St.Johannes Spelle"
70620,7,706,"SVg Gaste-Hasbergen"
70621,7,706,"SC Fürstenau"
70623,7,706,"TuS Lemförde"
70627,7,706,"SG Ankum/Bersenbrück"
70629,7,706,"SV Olympia Uelsen"
70630,7,706,"TSV Riemsloh"
70636,7,706,"TSV Osnabrück"
70638,7,706,"Nordhorner SV Cervisia 94 e.V."
70642,7,706,"SV Bad Essen"
70645,7,706,"TuS Aschendorf"
81101,8,811,"SV Andernach"
81104,8,811,"SV Mendig-Mayen e.V."
81105,8,811,"SV Kalenborn"
81106,8,811,"Fit, Step by Step e.V."
81107,8,811,"SC TS Polch"
81108,8,811,"SC Brohltal Weibern e.V."
81109,8,811,"SC Cochem 1973 e.V."
8110A,8,811,"SC Talentschmiede Ahrtal"
81110,8,811,"SC 1924 Kettig e.V."
81112,8,811,"SF Nickenich"
81114,8,811,"SV Urmitz"
81116,8,811,"SC Remagen-Sinzig e.V."
81118,8,811,"SC Turm Grafschaft"
81119,8,811,"Schachfreunde Ochtendung e.V."
81201,8,812,"SC Einrich e.V."
81202,8,812,"SG Boppard/BS/W"
81203,8,812,"SC Hennweiler"
81205,8,812,"SV Turm Lahnstein"
81206,8,812,"SV 03/25 Koblenz"
81208,8,812,"SV Gambit Leideneck"
81209,8,812,"SC ML Kastellaun"
8120A,8,812,"Schach-Strategen e.V.  Dillendorf-Liederbach"
81210,8,812,"DJK Oberwesel"
81214,8,812,"SSG Hunsrück"
81215,8,812,"Kreuznacher SV 1921 e.V."
81217,8,812,VfR.Baumholder
81218,8,812,"SV Güls 1956 e.V."
81224,8,812,"SC Nastätten e.V."
81226,8,812,"SG Pieroth/Burg Layen"
81229,8,812,"VfR-SC Koblenz"
81230,8,812,"SC Eckersweiler"
81301,8,813,"SG Engers / Bad Hönningen"
81302,8,813,"SF Bad Hönningen"
81306,8,813,"SC Heimbach-Weis/Neuwied e.V."
81308,8,813,"SC 1926 Bendorf e.V."
81309,8,813,"Schachfreunde Hillscheid e.V."
81310,8,813,"SV 1921 Springer Siershahn e.V."
81312,8,813,"SG Hachenburg  / Dierdorf"
81316,8,813,"SK Rössel Rheinbreitbach 1979 e.V."
81317,8,813,"Schachkreis Altenkirchen e.V."
81319,8,813,"SF 1982 Ötzingen e.V."
81501,8,815,"SF 1958 Bitburg e.V."
81502,8,815,"SC Jünkerath"
81503,8,815,"Schachfreunde Saarburg 1932 e.V."
81504,8,815,"SC Gardez Hermeskeil"
81505,8,815,"SV Kell 1920"
81506,8,815,"SG Reil-Kinheim"
81507,8,815,"Schachfreunde Konz-Karthaus"
8150A,8,815,"Schulschach IGS Trier e.V."
8150B,8,815,"Schachverein Prümer Springer"
81510,8,815,"SK Schweich"
81511,8,815,"SK Speicher 1975"
81515,8,815,"SC Wittlich 1947 e.V."
81519,8,815,"SG PST-Trier / Bernkastel-Kues"
81528,8,815,"SG Trier 1877 e.V."
81529,8,815,"SC Gambit Gusenburg e.V."
81534,8,815,"Schachfreunde Thalfang 2022 e.V."
82001,8,820,"SV Alzey"
82003,8,820,"TSG Pfeddersheim"
82006,8,820,"SC Landskrone"
8200B,8,820,"SC Lörzweiler"
8200C,8,820,"Turnverein 1848 Guntersblum e. V."
82010,8,820,"SK Bingen"
82011,8,820,"SV Bodenheim"
82015,8,820,"SK Gau-Algesheim"
82018,8,820,Sfr.Heidesheim
82019,8,820,Sfr.Heimersheim
82023,8,820,"Sfr.Mainz 1928"
82024,8,820,"TSV Schott Mainz"
82025,8,820,"SV Mainz-Mombach"
82027,8,820,"SV Multatuli Ingelheim e.V."
82028,8,820,"TSG 1846 Bretzenheim/ZMO"
82029,8,820,"Vorwärts Orient Mainz"
83101,8,831,"SC Hauptstuhl"
83103,8,831,"SV Fischbach"
83106,8,831,"TSG Eisenberg Schach"
83107,8,831,"SK Kirchheimbolanden"
83109,8,831,"SC 1975 Bann"
83110,8,831,"SK Enkenbach"
83112,8,831,"SK Erfenbach"
83113,8,831,"TV Winnweiler"
83114,8,831,"SK Kaiserslautern 1905"
83116,8,831,"Post SG Kaiserslautern"
83120,8,831,"SC Niederkirchen"
83121,8,831,"SV Otterberg 1909"
83201,8,832,"SK 1912 Ludwigshafen"
83202,8,832,"SK Altrip"
83203,8,832,"ESV 1927 Ludwigshafen"
83204,8,832,"TSG Mutterstadt"
83209,8,832,"SF Limburgerhof"
83216,8,832,"SV Südwest 1882 Ludwigshafen, Abt. Schach"
83210,8,832,"SC 1997 Lambsheim"
83212,8,832,"SK Frankenthal"
83213,8,832,"SK Bobenheim-Roxheim"
83214,8,832,"TG Waldsee"
83215,8,832,"SV Worms 1878"
83217,8,832,"Schachliebe e.V."
83301,8,833,"Post SV Neustadt"
83304,8,833,"SC 1926 Haßloch"
83305,8,833,"SC Schifferstadt"
83306,8,833,"TSG Deidesheim"
83307,8,833,"SK Freinsheim"
83308,8,833,"SC Bad Dürkheim-Wachenheim"
83309,8,833,"TSG 1861 Grünstadt"
83401,8,834,"SC Bad Bergzabern"
83402,8,834,"SC Bellheim"
83403,8,834,"SC Hagenbach"
83404,8,834,"SC Herxheim"
83405,8,834,"SC Neuburg"
83407,8,834,"SC Rülzheim"
83408,8,834,"SC Sondernheim"
83410,8,834,"SK Landau"
83411,8,834,"Caissa Jockgrim"
83413,8,834,"Turm Kandel"
83414,8,834,"SK Maxau-Wörth"
83415,8,834,"SG Speyer-Schwegenheim 2012"
83416,8,834,"SC 1983 Westheim"
83501,8,835,"SF Althornbach"
83503,8,835,"SK Dahn"
83505,8,835,"SK 1972 Hauenstein"
83507,8,835,"SC Höheinöd"
83508,8,835,"SC Pirmasens 1912"
83511,8,835,"SK Zweibrücken"
83512,8,835,"SC Fischbach"
83513,8,835,"SC Fehrbach"
83601,8,836,"SC Ramstein-Miesenbach"
83603,8,836,"Schachvereinigung Weilerbach"
83605,8,836,"SC Ohmbach"
83606,8,836,"SF Birkenfeld"
83614,8,836,"SC Rammelsbach"
83615,8,836,"SV Kohlbachtal"
83616,8,836,"SK Lauterecken 1963"
83617,8,836,"SC Mackenbach"
83618,8,836,"SC Thallichtenberg"
83619,8,836,"SC Niedermohr-Hütschenhausen"
83621,8,836,"SC Reichenbach"
83623,8,836,"SC Königsland Wolfstein"
90002,9,900,"SGem Bexbach"
90004,9,900,"SF Bliestal"
90008,9,900,"SAbt DJK Eintracht Dillingen"
90012,9,900,"SC Aljechin Emmersweiler 1985"
90013,9,900,"SG 1927 Ensdorf"
90014,9,900,"SC 1928 Eppelborn"
90015,9,900,"SC 1913 Fischbach e.V."
90018,9,900,"SC Reti Heusweiler"
90020,9,900,"SV 1932 Caissa Homburg"
90025,9,900,"SC Turm Illingen"
90026,9,900,"SC Lebach 1975 e.V."
90027,9,900,"SGes Merzig 1896"
90029,9,900,"SV Steinitz Püttlingen"
90032,9,900,"SV 1926 Riegelsberg"
90034,9,900,"SC Ostertal e.V."
90036,9,900,"SC Turm Siersburg 1975 e.V."
90037,9,900,"SC Saarwellingen"
90038,9,900,"SC Sulzbach"
90039,9,900,"SV Schiffweiler"
90040,9,900,"SC Rochade Saarlouis 1993 e.V."
90041,9,900,"Saarbrücker Gambit 89 e.V."
90042,9,900,"SC Caissa Schwarzenbach"
90043,9,900,"SC Anderssen St.Ingbert 1920 e.V."
90044,9,900,"SC GEMA St.Ingbert"
90047,9,900,"Turm Wadern"
90050,9,900,"SC Turm Winterbach"
90051,9,900,"SVG Saarbrücken 1970 e.V."
90052,9,900,"SVg Saarlouis e.V. 1985"
90053,9,900,"SV Schwalbach"
90057,9,900,"""Lasker"" Kirkel"
90058,9,900,"""En Passant"" Völklingen 1994 e.V."
90059,9,900,"SF St.Wendel e.V."
90062,9,900,"SC Wustweiler"
90063,9,900,"SF Wadgassen/Differten e.V."
90064,9,900,"SV Merchweiler-Wemmetsweiler"
90065,9,900,"SC Völklingen 1921 e.V."
A0101,A,A01,"Flensburger SK von 1876"
A0102,A,A01,"Eckernförder SC von 1921"
A0103,A,A01,"Husumer SV von 1898"
A0104,A,A01,"MTV Leck von 1889"
A0106,A,A01,"TSV Rot-Weiß Niebüll"
A0107,A,A01,"Schleswiger SV von 1919"
A010A,A,A01,"TSV Westerland von 1883 e. V."
A0110,A,A01,"SV Schwansen e. V."
A0112,A,A01,"SC Schleispringer Kappeln"
A0114,A,A01,"Kropper SC von 1981"
A0117,A,A01,"SC Tönning"
A0119,A,A01,"SV VHS Rendsburg"
A0120,A,A01,"SV Frisia 03 Risum-Lindholm e. V."
A0202,A,A02,"Barmstedter MTV"
A0203,A,A02,"SK Brunsbüttel von 1925"
A0204,A,A02,"SF Burg von 1966"
A0205,A,A02,"Schachclub Büsum e.V."
A0206,A,A02,"SG Glückstadt von 1920"
A0208,A,A02,"Schachverein VHS Heide"
A0211,A,A02,"Itzehoer SV von 1923"
A0212,A,A02,"SK Kollmar"
A0213,A,A02,"SV Merkur Hademarschen"
A0216,A,A02,"Schachklub Uetersen von 1947 e. V."
A0219,A,A02,"SV Holstein Quickborn"
A0220,A,A02,"SC Wrist-Kellinghusen von 1979"
A0221,A,A02,"Elmshorner SC von 1896"
A020C,A,A02,"SF Wilstermarsch & Itzehoe"
A0601,A,A06,"Kieler Schachgesellschaft von 1884 e. V."
A0603,A,A06,"Schachgemeinschaft Kiel v. 1952 e. V."
A0605,A,A06,"SVG Friedrichsort"
A0606,A,A06,"VSF Flintbek"
A0608,A,A06,"SC Agon Neumünster"
A0609,A,A06,"TuS Holtenau"
A0613,A,A06,"SG Plöner See"
A0614,A,A06,"Preetzer TSV"
A0615,A,A06,"SG Phönix Gettorf von 1984 e. V."
A0616,A,A06,"SC Schönberg"
A0620,A,A06,"Raisdorfer SG von 1976"
A0628,A,A06,"Heikendorfer SV"
A0632,A,A06,"TSV Hessenstein"
A0633,A,A06,"SK Doppelbauer Kiel von 1910 e.V. (vorm. auch Turm Kiel)"
A0634,A,A06,"SC Bobbyfischermensfriends NMS"
A0801,A,A08,"VfL Geesthacht von 1973"
A0802,A,A08,"Verein Segeberger SF"
A0804,A,A08,"Schwarzenbeker SK"
A0805,A,A08,"Lauenburger SV"
A0806,A,A08,"Schachclub Turm-Reinfeld"
A0807,A,A08,"SV Bad Oldesloe"
A0808,A,A08,"SG Glinde"
A0809,A,A08,"Ratzeburger SC Inselspringer"
A080B,A,A08,"SK Norderstedt von 1975"
A080C,A,A08,"SK Kaltenkirchen"
A080E,A,A08,"SV Bargteheide"
A080F,A,A08,"TSV Trittau"
A080G,A,A08,"TuRa Harksheide von 1945 Norderstedt e.V"
A080H,A,A08,"Ahrensburger TSV"
A080I,A,A08,"Lübecker SV von 1873"
A080J,A,A08,"SV Bad Schwartau von 1930"
A080K,A,A08,"TSV Travemünde von 1860"
A080L,A,A08,"SV Strand von 1974"
A080N,A,A08,"TSV Kücknitz von 1911"
A080O,A,A08,"SV Eutin von 1875"
A080Q,A,A08,"SC Fehmarn"
A080R,A,A08,"TSV Eintracht Groß Grönau e.V."
A080S,A,A08,"SC Cismar"
A080T,A,A08,"Möllner Schachverein von 1948"
B0001,B,B00,"SF Achim"
B0003,B,B00,"Bremer SG von 1877"
B0005,B,B00,"Delmenhorster SK V 1931"
B0007,B,B00,"Findorffer Sfr"
B000A,B,B00,"SK Kirchweyhe 1947"
B000C,B,B00,"MTV Riede e.V."
B000D,B,B00,"Bremerhavener Schach-Gesellschaft"
B000E,B,B00,"Makkabi Bremen e.V."
B0012,B,B00,"SF Leherheide von 1950"
B0013,B,B00,"SGM Lemwerder"
B0014,B,B00,"SF Lilienthal von 1971"
B0016,B,B00,"SK Bremen-Nord"
B0018,B,B00,"SK Bremen-West"
B0020,B,B00,Sfr.Osterholz-Scharmbeck
B0021,B,B00,"SK Schwanewede"
B0022,B,B00,"SC Vahr"
B0023,B,B00,"SAbt SV Werder Bremen"
B0027,B,B00,"SC Kattenesch e.V."
B0031,B,B00,"SAbt TuS Varrel"
B0036,B,B00,"SAbt TV Eiche Horn"
B0038,B,B00,"SF Bremer Osten Bürgerhaus Mahndorf e.V."
C0101,C,C01,"Post-SV Ulm"
C0104,C,C01,"SF Vöhringen"
C0105,C,C01,"TSV Langenau"
C0107,C,C01,"SF Blaustein"
C0109,C,C01,"SC Obersulmetingen"
C010A,C,C01,"TSG Ehingen 1848 e.V."
C010D,C,C01,"VfL Leipheim 1898"
C0110,C,C01,"TSV Berghülen"
C0113,C,C01,"TSV Laichingen"
C0116,C,C01,"TG Biberach 1847 e.V."
C0118,C,C01,"TSV 1880 Neu-Ulm"
C0124,C,C01,"SC Laupheim 1962 e.V."
C0125,C,C01,"SF Riedlingen"
C0127,C,C01,"TSV Seissen e.V."
C0131,C,C01,"SC Weiße Dame Ulm e.V."
C0137,C,C01,"SV Jedesheim 1921"
C0138,C,C01,"TV Wiblingen"
C0139,C,C01,"SV Steinhausen"
C0140,C,C01,"TSV Reute e.V."
C0143,C,C01,"SV Thalfingen"
C0102,C,C01,"SK Markdorf"
C0106,C,C01,"SC Lindau"
C010C,C,C01,"TG Bad Waldsee 1848"
C0111,C,C01,"SC Tettnang"
C0112,C,C01,"SC Wangen"
C0114,C,C01,"SV Friedrichshafen"
C0115,C,C01,"SF Ravensburg"
C0117,C,C01,"SF Wetzisreute"
C0120,C,C01,"SF Mengen"
C0121,C,C01,"SV Weingarten"
C0122,C,C01,"SK Leutkirch"
C0132,C,C01,"SC Bad Saulgau"
C0133,C,C01,"SC Weiler im Allgäu e. V."
C0141,C,C01,"SF Ertingen"
C0215,C,C02,"SC Möhringen 1961"
C0216,C,C02,"SG Donautal Tuttlingen"
C0222,C,C02,"SV Rottweil"
C0226,C,C02,"SR Spaichingen"
C0230,C,C02,"SR Heuberg-Gosheim"
C0232,C,C02,"SV Trossingen"
C0211,C,C02,"SK Horb"
C0212,C,C02,"SC Klosterreichenbach"
C0219,C,C02,"SC Oberndorf"
C0238,C,C02,"SF Dornstetten-Pfalzgrafenweiler e.V."
C0242,C,C02,"SG Schramberg-Lauterbach"
C0202,C,C02,"SV Balingen"
C0203,C,C02,"SC Bisingen-Steinhofen"
C0205,C,C02,"SF Geislingen 1990 e.V."
C0206,C,C02,"SG Turm Albstadt 1902 e.V."
C0209,C,C02,"SC Hechingen"
C0210,C,C02,"SC Heinstetten"
C0218,C,C02,"SC Nusplingen"
C0220,C,C02,"Schachverein Rangendingen e.V."
C0228,C,C02,"SV Stockenhausen-Frommern"
C0235,C,C02,"Sfr. Winterlingen 1966 e.V."
C0237,C,C02,"SV Schömberg e.V."
C0241,C,C02,"SG Dotternhausen"
C0301,C,C03,"SV Altbach e.V."
C0302,C,C03,"Schachgemeinschaft Filder"
C0303,C,C03,"SF Deizisau"
C0304,C,C03,"TSV Denkendorf"
C0305,C,C03,"SV Dicker Turm Esslingen"
C0306,C,C03,"TSV/RSK Esslingen"
C0307,C,C03,"TSG Esslingen"
C0308,C,C03,"TSV Grafenberg"
C030B,C,C03,"Schachritter Kirchheim/Teck"
C030D,C,C03,"Schachklub Freibauer Esslingen e.V."
C0311,C,C03,"SF 47 Neckartenzlingen e.V."
C0312,C,C03,"SC Ostfildern 1952 e.V."
C0313,C,C03,"SV Nürtingen 1920"
C0314,C,C03,"SF Plochingen"
C0316,C,C03,"SV 1947 Wendlingen"
C0318,C,C03,"SK Wernau"
C0322,C,C03,"SV Ebersbach"
C0324,C,C03,"SV Faurndau"
C0325,C,C03,"SC Geislingen 1881"
C0327,C,C03,"SF 1876 Göppingen"
C0328,C,C03,"SC Kirchheim/Teck"
C0330,C,C03,"TSG Salach"
C0351,C,C03,"TSG Zell u.A."
C0359,C,C03,"Ssg Fils-Lauter e.V."
C030C,C,C03,"TSV Undingen"
C0334,C,C03,"SV Urach"
C0335,C,C03,"SF Ammerbuch"
C0336,C,C03,"SV Dettingen Erms"
C0338,C,C03,"SC BW Kirchentellinsfurt"
C0339,C,C03,"Rochade Metzingen e.V."
C0344,C,C03,"SF Pfullingen"
C0345,C,C03,"SV Pliezhausen"
C0346,C,C03,"SV Reutlingen"
C0349,C,C03,"SC Steinlach"
C0350,C,C03,"SV Tübingen 1870 e.V."
C0354,C,C03,"SF Springer Rottenburg"
C0355,C,C03,"SF Lichtenstein"
C0356,C,C03,"SG Schönbuch"
C0357,C,C03,"SK Bebenhausen 1992"
C0361,C,C03,"SG Königskinder Hohentübingen e.V."
C0401,C,C04,"SV Aalen-Ellwangen e.V."
C0402,C,C04,"SC Tannhausen 1986 e.V."
C0403,C,C04,"SV Unterkochen"
C0405,C,C04,"SV Crailsheim"
C0406,C,C04,"SC 1875 Ellwangen"
C0419,C,C04,"SV Oberkochen"
C0431,C,C04,"SC Rainau"
C0436,C,C04,"SC Bopfingen e.V."
C0438,C,C04,"SV Königsspringer Stödtlen"
C0408,C,C04,"SV Giengen"
C0410,C,C04,"SK Heidenheim"
C0412,C,C04,"SC Heidenheim - Schnaitheim"
C0414,C,C04,"RSV Heuchlingen"
C0415,C,C04,"SF Königsbronn"
C0426,C,C04,"SK Sontheim/Brenz e.V."
C0409,C,C04,"SC Grunbach e.V."
C0413,C,C04,"SF Heubach"
C0416,C,C04,"SC Leinzell"
C0418,C,C04,"SF 90 Spraitbach e.V."
C0420,C,C04,"SC Plüderhausen"
C0421,C,C04,"Schachunion Schorndorf e.V."
C0422,C,C04,"SG Schwäbisch Gmünd 1872 e.V"
C0424,C,C04,"SG Bettringen"
C0427,C,C04,"TSF Welzheim"
C0433,C,C04,"SF Waldstetten 1982"
C0439,C,C04,"TSV Alfdorf e.V."
C0506,C,C05,"TSF Ditzingen"
C050B,C,C05,"Zentrumsbauer Stuttgart"
C050C,C,C05,"Schachclub  Strateg Stuttgart e.V."
C0521,C,C05,"Stuttgarter SF 1879"
C0523,C,C05,"DJK Stuttgart-Süd"
C0528,C,C05,"SG Fasanenhof"
C0532,C,C05,"SC Sillenbuch"
C0538,C,C05,"SV Stuttgart-Wolfbusch 1956 e.V."
C0539,C,C05,"SSV Zuffenhausen"
C0548,C,C05,"SK ""e4"" Gerlingen"
C0552,C,C05,"SC Schachmatt Botnang"
C0554,C,C05,"GSV Hemmingen"
C0560,C,C05,"TSV Heumaden"
C0563,C,C05,"SC Feuerbach e.V."
C0566,C,C05,"TV Zazenhausen"
C0501,C,C05,"SC Affalterbach"
C0502,C,C05,"SV Backnang"
C0507,C,C05,"Schachverein Fellbach 1928 e.V."
C0510,C,C05,"SK Korb 1948"
C0514,C,C05,"SC Murrhardt 1948 e.V."
C0515,C,C05,"SF Oeffingen e.V."
C0517,C,C05,"SK Schmiden/Cannstatt"
C0518,C,C05,"SV Schwaikheim"
C0530,C,C05,"Mönchfelder SV 1967"
C0540,C,C05,"SC Waiblingen 1921"
C0544,C,C05,"SC Winnenden e.V."
C0551,C,C05,"SpVgg Rommelshausen"
C0565,C,C05,"Schach-Pinguine Sulzbach"
C0504,C,C05,"Spvgg Böblingen"
C0505,C,C05,"SC Böblingen 1975 e.V."
C0509,C,C05,"SV Herrenberg e.V."
C050A,C,C05,"Schach-Kids Bernhausen e.V."
C0512,C,C05,"SC Leinfelden"
C0513,C,C05,"SV Leonberg 1978 eV"
C0519,C,C05,"VfL Sindelfingen"
C0520,C,C05,"SC Stetten a.d.F."
C0522,C,C05,"TSV Schönaich"
C0525,C,C05,"SC Aidlingen"
C0531,C,C05,"SV Weil der Stadt"
C0534,C,C05,"SV Nagold"
C0536,C,C05,"SGem Vaihingen/Rohr"
C0545,C,C05,"Spvgg Renningen"
C0547,C,C05,"SC Magstadt"
C0558,C,C05,"TSV Heimsheim e.V."
C0564,C,C05,"TSV Simmozheim"
C0567,C,C05,"SSV Turm Holzgerlingen"
C0601,C,C06,"SV Bad Friedrichshall"
C0602,C,C06,"SV Bad Rappenau"
C0603,C,C06,"SC Blauer Turm Bad Wimpfen"
C0605,C,C06,"VfL Eberstadt"
C0606,C,C06,"TG Forchtenberg"
C060A,C,C06,"Post-SG Schwäbisch Hall"
C0611,C,C06,"Heilbronner SV"
C0613,C,C06,"SV 23 Böckingen"
C0617,C,C06,"SC Künzelsau"
C0618,C,C06,"SK Lauffen"
C0619,C,C06,"SV Leingarten"
C0623,C,C06,"SG Meimsheim-Güglingen"
C0627,C,C06,"TSG Öhringen"
C0629,C,C06,"SK Schwäbisch Hall"
C0632,C,C06,"TSV Untergruppenbach"
C0635,C,C06,"SC Widdern"
C0636,C,C06,"TSV Willsbach"
C0639,C,C06,"SC Neckarsulm e.V."
C0642,C,C06,"SV Gaildorf/Fichtenberg"
C0649,C,C06,"TSV Gerabronn"
C0650,C,C06,"SV Rochade Neuenstadt"
C0652,C,C06,"SF HN-Biberach 1978 e.V."
C0658,C,C06,"TSV Schwaigern"
C0664,C,C06,"SF Schwaigern"
C0665,C,C06,"udk SV Ivanchuk Hn Vu Ter"
C0604,C,C06,"SV Besigheim"
C0607,C,C06,"SV Gemmrigheim"
C0608,C,C06,"SK Sachsenheim"
C060B,C,C06,"SF Pattonville e.V."
C0624,C,C06,"SF Möglingen 1976"
C0625,C,C06,"TSV Münchingen"
C0626,C,C06,"SG Ludwigsburg 1919"
C0630,C,C06,"TSG Steinheim"
C0631,C,C06,"SC Tamm 74"
C0633,C,C06,"SVG Vaihingen/Enz"
C0637,C,C06,"SC Erdmannhausen"
C0638,C,C06,"SV Markgröningen"
C0640,C,C06,"SV Marbach"
C0645,C,C06,"SF 59 Kornwestheim"
C0647,C,C06,"SC Asperg"
C0648,C,C06,"SK Bietigheim-Bissingen"
C0654,C,C06,"SC Ingersheim e.V."
C0656,C,C06,"SF Freiberg"
C0657,C,C06,"SV Oberstenfeld"
C0659,C,C06,"SV Mundelsheim"
D1004,D,D10,"SSG Lübbenau e.V."
D1007,D,D10,"Hohenleipischer SV Lok"
D100A,D,D10,"SV ""Grün-Weiß"" Annahütte"
D100B,D,D10,"Glaskönig Döbern"
D1010,D,D10,"Sportverein Senftenberg"
D1011,D,D10,"SV Königsspringer Herzberg e.V."
D1013,D,D10,"ESV Lok Raw Cottbus e.V."
D1014,D,D10,"SV Bad Liebenwerda"
D1020,D,D10,"Forster Schachclub 95"
D1021,D,D10,"ESV ""Lok Falkenberg"" e.V."
D1029,D,D10,"SV 1892 Schwarzheide"
D1030,D,D10,"Schachclub Senioren Cottbus"
D2001,D,D20,"SC Rochade Müncheberg"
D2004,D,D20,"SV ""Glück auf"" Rüdersdorf e.V."
D2005,D,D20,"SV Motor Eberswalde e.V."
D2006,D,D20,"TSG Angermünde Abt. Schach"
D2007,D,D20,"TSV Blau-Weiß 65 Schwedt"
D2008,D,D20,"BSG Stahl Eisenhüttenstadt e.V."
D2009,D,D20,"ESV ""1949 Eberswalde"" e.V."
D200A,D,D20,"Schachfreunde Groß Schönebeck im SV Motor Eberswalde e.V."
D200B,D,D20,"Barnimer Schachfreunde im SV Stahl Finow e.V."
D200C,D,D20,"Gerswalder SV"
D2010,D,D20,"Schachverein Briesen e.V."
D2014,D,D20,"SV Preußen Frankfurt (Oder) e.V."
D2020,D,D20,"Schachclub Schwedt/O. e.V."
D2022,D,D20,"USC Viadrina Frankfurt (Oder) e.V."
D2023,D,D20,"Schachfreunde Schwedt 2000 e.V."
D2025,D,D20,"Storkower Sportclub"
D2026,D,D20,"KSC Strausberg Abt. Schach"
D2027,D,D20,"MSV 1898 e.V. Müllrose"
D2029,D,D20,"SC Lützlower Dorfgemeinschaft e.V."
D3001,D,D30,"SC Empor Potsdam 1952 e.V."
D3002,D,D30,"USV Potsdam e.V."
D3003,D,D30,"Potsdamer SV Mitte e.V."
D3004,D,D30,"SV Rochade Potsdam-West e.V."
D3006,D,D30,"SG Lok Brandenburg"
D300C,D,D30,"Schachclub Potsdam GG e.V."
D300D,D,D30,"FC Deetz e.V."
D300E,D,D30,"TSV Chemie Premnitz"
D300F,D,D30,"Empor Harry"
D300G,D,D30,"SV Babelsberg 03 e.V."
D300H,D,D30,"Mögeliner SC 1913 e.V."
D3010,D,D30,"ESV Kirchmöser e.V."
D3011,D,D30,"SV Empor Schenkenberg 1928 e.V."
D3012,D,D30,"Schachclub ""Hans Clauert"" Trebbin"
D3013,D,D30,"Schachclub Rathenow e.V."
D3015,D,D30,"SV Wusterhausen"
D3016,D,D30,"Schach-Club Wittstock e.V."
D3017,D,D30,"Schachfreunde Zehdenick 76 e.V."
D3018,D,D30,"TSG Neuruppin"
D3019,D,D30,"SC Caissa Falkensee e.V."
D3021,D,D30,"Schachclub Oranienburg e.V."
D3022,D,D30,"Ludwigsfelder Schachclub 54"
D3026,D,D30,"SV Grün-Weiß Niemegk"
D3027,D,D30,"Schachclub Oberkrämer"
D3035,D,D30,"Schachclub Lindow 02 e.V."
D3037,D,D30,"SV Hellas Nauen e.V."
D3041,D,D30,"SV Werder/H."
D3044,D,D30,"Leegebrucher Schachfreunde"
D3045,D,D30,"Olga e.V."
E0101,E,E01,"SF Schwerin"
E0103,E,E01,"SV Einheit Schwerin"
E0107,E,E01,"SG Tripkau von 1925"
E0109,E,E01,"Volley-Tigers Ludwigslust 2000"
E0111,E,E01,"SV Blau-Weiß Grevesmühlen"
E0112,E,E01,"TSG Gadebusch"
E0113,E,E01,"ASV Grün-Weiß Wismar"
E0114,E,E01,"VfL Blau-Weiß Neukloster"
E0116,E,E01,"SV Blau-Weiß 69 Parchim"
E0117,E,E01,"Lok Gymnasium Pritzwalk"
E0118,E,E01,"Putlitzer SV 1921"
E0119,E,E01,"ESV 1888 Wittenberge"
E0121,E,E01,"SC Mecklenburger Springer"
E0201,E,E02,"HSG Uni Rostock"
E0203,E,E02,"SSC Rostock 07"
E0205,E,E02,"SSC Graal-Müritz"
E0209,E,E02,"SV Empor Kühlungsborn"
E0213,E,E02,"SG Güstrow/Teterow"
E0214,E,E02,"ESV Waren"
E0219,E,E02,"PSV Ribnitz-Damgarten"
E0220,E,E02,"SV Waterkant Saal"
E0221,E,E02,"TuS Makkabi Rostock"
E0222,E,E02,"Think Rochade - SC HRO"
E0302,E,E03,"SG Eintracht Neubrandenburg"
E0304,E,E03,"SV RUGIA Bergen"
E0306,E,E03,"SC Seehotel Binz-Therme Rügen"
E0309,E,E03,"HSG Stralsund"
E030A,E,E03,"TSV Friedland 1814"
E0312,E,E03,"Greifswalder SV"
E0313,E,E03,"SV Gryps"
E0314,E,E03,"SV Motor Wolgast 1949"
E0317,E,E03,"SV Grün-Weiß 90 Anklam"
E0319,E,E03,"TSG Neustrelitz"
E0327,E,E03,"SAV Torgelow-Drögeheide 90"
F1102,F,F11,"Krostitzer SV"
F1105,F,F11,"TSG 1861 Taucha"
F1201,F,F12,"ESV Lok Döbeln"
F1203,F,F12,"TuS Hartha"
F1301,F,F13,"SSV 1952 Torgau e. V."
F1303,F,F13,"SV Fortschritt Oschatz"
F1508,F,F15,"Schachgemeinschaft Leipzig"
F150A,F,F15,"BSG Grün-Weiß Leipzig e. V."
F1515,F,F15,"SV Springer Leipzig"
F1517,F,F15,"VfB Schach Leipzig e.V."
F1519,F,F15,"SG Turm Leipzig"
F1520,F,F15,"Schachfreunde Fortuna Leipzig e.V."
F1521,F,F15,"Schachclub Rote Rüben Leipzig e.V."
F1522,F,F15,"SV Weißblau Allianz Leipzig e.V."
F1523,F,F15,"SC Leipzig-Lindenau"
F1524,F,F15,"BSG Chemie Leipzig e.V."
F1525,F,F15,"SG BiBaBo Leipzig e. V."
F1527,F,F15,"SV Makkabi Leipzig e. V."
F1802,F,F18,"SV Groitzsch 1861"
F1803,F,F18,"Sportfr. Neukieritzsch"
F1804,F,F18,"SV Chemie Böhlen"
F1805,F,F18,"TSV Kitzscher"
F1806,F,F18,"SK Großlehna"
F1807,F,F18,"TSG Markkleeberg"
F1808,F,F18,"Frohburger SC 1926"
F1809,F,F18,"SG Agro Geithain"
F1902,F,F19,"SV 1919 Grimma"
F1903,F,F19,"Schachclub Naunhof"
F1904,F,F19,"Falkenhainer SV 1898"
F1905,F,F19,"Schachfreunde Bad Lausick"
F1906,F,F19,"SG Blau-Weiß Altenhain"
F2102,F,F21,"SV Traktor Priestewitz"
F2201,F,F22,"SV Fortschritt Pirna"
F2203,F,F22,"BSG Sebnitz"
F2205,F,F22,"Schachklub Heidenau"
F2208,F,F22,"Schachzentrum Seeblick e. V."
F2302,F,F23,"SV Schw.-Weiß Königsbrück"
F2303,F,F23,"TuS 1890 Gersdorf-Möhrsdorf"
F2304,F,F23,"TSG Bernsdorf"
F2305,F,F23,"SV Ottendorf-Okrilla"
F2307,F,F23,"TTC Pulsnitz 69"
F2308,F,F23,"SC 1911 Großröhrsdorf"
F2309,F,F23,"Lomnitzer SV Abt. Schach"
F2401,F,F24,"FVS ASP Hoyerswerda"
F2501,F,F25,"SV Freital"
F2503,F,F25,"SV Bannewitz"
F2504,F,F25,"SG Kesselsdorf"
F2505,F,F25,"SSV Altenberg"
F2602,F,F26,"Schach macht fit"
F2603,F,F26,"BSV Chemie Radebeul"
F2605,F,F26,"TuS Coswig 1920"
F2701,F,F27,"SV Görlitz 1990"
F2803,F,F28,"SV Lok Dresden"
F2806,F,F28,"SV Dresden-Leuben"
F2808,F,F28,"SG Grün-Weiß Dresden"
F280A,F,F28,"ChessClub4Kids e.V."
F280B,F,F28,"Förderverein Schach Wolfgang Uhlmann e. V."
F2810,F,F28,"SV Dresden-Striesen e.V."
F2811,F,F28,"SV TuR Dresden"
F2813,F,F28,"USV TU Dresden"
F2816,F,F28,"Dresdner Schachfestival e.V."
F2902,F,F29,"SC 1994 Oberland"
F2906,F,F29,"TSV Großschönau"
F2909,F,F29,"Spielver. Ebersbach/SA."
F2911,F,F29,"Löbauer SV"
F2912,F,F29,"SV Lok Löbau"
F2A02,F,F2A,"SC Einheit Bautzen"
F2A04,F,F2A,"SV Gaußig"
F2A05,F,F2A,"SV Großpostwitz-Kirschau"
F2A06,F,F2A,"SV W.R. Schirgiswalde"
F2A09,F,F2A,"Schachfr. Bischofswerda"
F2A10,F,F2A,"SG Großdrebnitz"
F2A11,F,F2A,"SV Fortsch. Großharthau"
F2B02,F,F2B,"Schachclub 90 Niesky"
F2B03,F,F2B,"SV Aufbau Kodersdorf"
F2B04,F,F2B,"SV Grün-Weiß Weißwasser"
F2B06,F,F2B,"SV Klitten / Boxberg e. V. Abt. Schach"
F2B08,F,F2B,"ASV Rothenburg Abt. Schach"
F3101,F,F31,"SG Neukirchen/Erzg."
F3106,F,F31,"TSV Elektronik Gornsdorf"
F3108,F,F31,"Schachverein Erzgebirge Stollberg"
F3201,F,F32,"TSV Fortschritt Mittweida 1949 e. V."
F3202,F,F32,"SV 1948 Frankenberg"
F3203,F,F32,"SV Motor Hainichen 1949"
F3205,F,F32,"LWV Geringswalde e.V."
F3206,F,F32,"VfA Rochlitzer Berg e. V."
F3207,F,F32,"Erster Burgstädter Schachklub 1914 e.V."
F3301,F,F33,"Siebenlehner SV"
F3302,F,F33,"TV Freiberg 1844"
F3303,F,F33,"Turn- u. Sportgemeinschaft Oederan"
F3304,F,F33,"SV Grün-W. Niederwiesa"
F3306,F,F33,"SV Eppendorf"
F3401,F,F34,"Glauchauer SC 1873"
F3403,F,F34,"SG Limbach-Oberfrohna"
F3405,F,F34,"SSV Fortschritt Lichtenstein"
F3406,F,F34,"SC Sachsenring"
F3502,F,F35,"SC 1865 Annabg.-Buchholz"
F3503,F,F35,"SV Cranzahl 1962"
F3504,F,F35,"SV Gelenau Abt. Schach"
F3505,F,F35,"BSV Ehrenfriedersdorf"
F3506,F,F35,"Allgemeiner Schachclub Thum"
F3603,F,F36,"USG Chemnitz"
F3606,F,F36,"Chemnitzer SC Aufbau`95"
F3607,F,F36,"SV Eiche Reichenbrand"
F3609,F,F36,"TSV IFA Chemnitz"
F360A,F,F36,"Chemnitzer Jugend Open e. V."
F3610,F,F36,"BSV Grüna e. V."
F3701,F,F37,"Schachclub Reichenbach"
F3702,F,F37,"SG Waldkirchen"
F3704,F,F37,"VfB Adorf"
F3706,F,F37,"SV Markneukirchen"
F3707,F,F37,"Schachverein Klingenthal"
F3708,F,F37,"Rodewischer Schachmiezen"
F370A,F,F37,"SV Rot-Weiss Treuen"
F3806,F,F38,"Zwickauer Schachclub"
F3807,F,F38,"SV Empor West Zwickau"
F3901,F,F39,"HSV Eintracht Seiffen"
F3902,F,F39,"Schachverein Marienberg"
F3903,F,F39,"SG Blumenau"
F3904,F,F39,"SV Lengefeld"
F3906,F,F39,"SG 47 Wolkenstein"
F3907,F,F39,"SG Nieder-und Kleinneuschönberg e.V."
F3908,F,F39,"Rotation Borstendf/E."
F3909,F,F39,"Einheit Börnichen"
F3910,F,F39,"SG Hohndorf SAbt"
F3A01,F,F3A,"ESV Lok Werdau"
F3A02,F,F3A,"Post-SV Crimmitschau"
F3A06,F,F3A,"SG Motor Thurm"
F3A09,F,F3A,"Muldental Wilkau-Haßlau"
F3A10,F,F3A,"TSV Lichtentanne SAbt"
F3B01,F,F3B,"Schachklub König Plauen"
F3B02,F,F3B,"VSC Plauen 1952"
F3C01,F,F3C,"ESV Nickelhütte Aue"
F3C04,F,F3C,"SV SAXONIA Bernsbach"
F3C08,F,F3C,"SG CX Schwarzenberg-Raschau"
G0103,G,G01,"SG Chemie Wolfen"
G0104,G,G01,"Holzweißiger Sportverein"
G0106,G,G01,"SG Jeßnitz"
G0108,G,G01,"Schachgemeinschaft 1871 Löberitz"
G0109,G,G01,"SG Chemie Bitterfeld"
G010A,G,G01,"SV Blau-Rot Coswig"
G0110,G,G01,"SV Zörbig"
G0112,G,G01,"SK Dessau 93"
G0113,G,G01,"Schachverein Roßlau"
G0114,G,G01,"VfL Gräfenhainichen"
G0116,G,G01,"Schachsportclub Annaburg"
G0118,G,G01,"TSV Elbe Aken 1863"
G0120,G,G01,"SV Grün Weiß Wittenberg-Piesteritz"
G0121,G,G01,"TSG Wittenberg"
G0122,G,G01,"SV Blau-Rot Pratau"
G0123,G,G01,"Schachfreunde Bad Schmiedeberg"
G0124,G,G01,"SV 51 Zerbst"
G0125,G,G01,"1. Schachclub Anhalt"
G0126,G,G01,"CFC Germania 03"
G0201,G,G02,"1. FC Romonta Amsdorf 1921"
G0202,G,G02,"Klostermansfelder Schachclub 1958"
G0204,G,G02,"SG GW 90 Bischofrode"
G0205,G,G02,"Sport und Spielverein Hergisdorf"
G0206,G,G02,"Wohnsportgemeinschaft Halle-Neustadt"
G0207,G,G02,"Reideburger Sportverein 1990"
G0208,G,G02,"Universitätssportverein Halle"
G0209,G,G02,"SG Einheit Halle"
G0210,G,G02,"VfB 07 Lettin"
G0211,G,G02,"PostTurnSportVerein Halle"
G0212,G,G02,"Gehörlosen SBV Halle 09"
G0214,G,G02,"Schachfreunde Hettstedt"
G0216,G,G02,"SV Grün-Weiß Granschütz"
G0217,G,G02,"SG Trebnitz 1920 "
G0219,G,G02,"Schachverein Merseburg"
G0222,G,G02,"Naumburger Sportverein 1951"
G0224,G,G02,"Teutschenthaler Schachclub"
G0225,G,G02,"SV Sangerhausen"
G0227,G,G02,"Schachklub Roland 1919 Weißenfels"
G0228,G,G02,"SV Motor Zeitz"
G020A,G,G02,"Schachgemeinschaft 2011 Sennewitz"
G020B,G,G02,"Sportverein Wansleben 2001"
G020C,G,G02,"Schachzwerge Halle"
G020D,G,G02,"Schachverein Roter Turm Halle"
G020E,G,G02,"SV Eintracht 1990 Bad Dürrenberg"
G0231,G,G02,"Schachgemeinschaft Bad Dürrenberg"
G0232,G,G02,"Schachverein Saalespringer Halle"
G0301,G,G03,"Burger Schachclub Schwarz-Weiß"
G0302,G,G03,"SV Gardelegen"
G0303,G,G03,"VfL Kalbe/Milde"
G0305,G,G03,"SV Eintracht 1911 Osterwieck"
G0306,G,G03,"SV Einheit Halberstadt"
G0307,G,G03,"Verein Schachtradition Ströbeck"
G0308,G,G03,"Flechtinger Sportverein"
G0309,G,G03,"SV 90 Havelberg"
G030A,G,G03,"SV Aufbau Bernburg"
G030B,G,G03,"SC Norbertus Magdeburg"
G030C,G,G03,"SV Oebisfelde 1895"
G0310,G,G03,"SV Rochade Magdeburg"
G0312,G,G03,"Postsportverein Magdeburg v. 1926"
G0313,G,G03,"VfB Ottersleben"
G0314,G,G03,"SG Aufbau Elbe Magdeburg"
G0317,G,G03,"USC Magdeburg"
G0318,G,G03,"Schachklub Oschersleben 1948"
G0319,G,G03,"Ballenstedter Schach-Verein"
G0320,G,G03,"TSG GutsMuths 1860 Quedlinburg"
G0321,G,G03,"Schachgemeinschaft Harzgerode"
G0324,G,G03,"Sportgemeinschaft Klötze Süd"
G0325,G,G03,"SSV Blau-Weiß Barby"
G0326,G,G03,"Turn- u. Sportgemeinschaft Calbe"
G0327,G,G03,"UNION 1861 Schönebeck"
G0328,G,G03,"SG Einheit Staßfurt"
G0330,G,G03,"SV ""Eintracht"" Tangerhütte"
G0331,G,G03,"SV Energie Stendal"
G0335,G,G03,"SF Turm 2000 Wahrburg"
G0336,G,G03,"SV Harzkalk Rübeland"
G0337,G,G03,"SG Stahl Blankenburg 1948"
G0338,G,G03,"SV Eintracht Derenburg"
G0339,G,G03,"Wernigeröder Sportverein ""Rot-Weiß"""
G0342,G,G03,"SG Grün-Weiß Dahlenwarsleben"
G0344,G,G03,"SV Kali Wolmirstedt"
G0345,G,G03,"SV Irxleben 1919"
G0346,G,G03,"SV Lokomotive Aschersleben"
G0347,G,G03,"Stendaler Schachklub"
G0349,G,G03,"Haldensleber Sportclub"
G0353,G,G03,"Schachzwerge Magdeburg"
G0354,G,G03,"Schachverein Freibauer Barleben"
H1101,H,H11,"SSV 90 Artern"
H1102,H,H11,"SV Springer Oldisleben"
H1120,H,H11,"SV Glückauf Sondershausen"
H1201,H,H12,"1. Eichsfelder Sportclub - Abt. Kinder- und Jugendschach"
H1224,H,H12,"Schachclub Rochade Leinefelde"
H1226,H,H12,"Hausener SV 1899 Sektion Schach"
H1227,H,H12,"SV Breitenworbis"
H1228,H,H12,"SV Gernrode 1887"
H1230,H,H12,"SK Dingelstädt 1921"
H1231,H,H12,"TSV Großbodungen"
H1232,H,H12,"SV Einheit 1875 Worbis"
H1233,H,H12,"TSV Aufbau 1952 Heiligenstadt"
H12A6,H,H12,"SV Bernterode"
H12B3,H,H12,"Brehmer Schachverein"
H1301,H,H13,"SG Blau-Gelb Görsbach"
H1321,H,H13,"SC 1951 Nordhausen"
H1322,H,H13,"SC Friedrichsthal"
H1302,H,H13,"Schachclub Bleicherode"
H1434,H,H14,"SV Ammern"
H1437,H,H14,"SV Empor Bad Langensalza"
H14A4,H,H14,"Schlotheimer SV 1887"
H12A7,H,H14,"SV Bickenriede 85"
H1535,H,H15,"Schachclub 1998 Gotha"
H1536,H,H15,"ZSG Grün-Weiß Waltershausen"
H1538,H,H15,"SG Burgtonna"
H2101,H,H21,"Schachkollektiv Tikolor Erfurt"
H2103,H,H21,"SV Medizin Erfurt"
H2104,H,H21,"SV Empor Erfurt"
H2105,H,H21,"Erfurter Schachklub"
H2107,H,H21,"USV Erfurt Abteilung Schach"
H2108,H,H21,"SV 1899 Vieselbach"
H21B0,H,H21,"Schachclub Turm Erfurt"
H2219,H,H22,"TSG Apolda"
H2314,H,H23,"ESV Lok Sömmerda"
H2409,H,H24,"SG Blau-Weiß Stadtilm"
H2411,H,H24,"SV Eintracht Frankenhain"
H2412,H,H24,"TSV 1886 Geschwenda"
H2413,H,H24,"SG Arnstadt-Stadtilm"
H2419,H,H24,"TSV Plaue"
H2458,H,H24,"SV Gehren 1911"
H2459,H,H24,"Ilmenauer SV"
H24A2,H,H24,"Schachverein Stützerbach"
H24A8,H,H24,"SG Glasspringer Katzhütte/Piesau/Lauscha"
H2518,H,H25,"SSV Vimaria 91 Weimar"
H3101,H,H31,"Thüringer Förderverein für Kinder- und Jugendschach"
H3102,H,H31,"Stadtverband der Amateurkünstler Geras"
H3107,H,H31,"Schachzirkel Elstertal Langenberg"
H3164,H,H31,"ESV Gera"
H3166,H,H31,"SV 1861 Liebschwitz"
H3169,H,H31,"VfL 1990 Gera"
H3201,H,H32,"fuß brothers Jena"
H3208,H,H32,"SV Blau-Weiß Bürgel"
H3273,H,H32,"TV 1887 Germania Hermsdorf"
H3287,H,H32,"SV Jenapharm Jena"
H3288,H,H32,"SV 1910 Kahla"
H3289,H,H32,"Kings Club 98 Jena"
H3290,H,H32,"SV Schott Jena"
H3301,H,H33,"Schachfreunde Greiz"
H3374,H,H33,"SC Rochade Zeulenroda"
H3375,H,H33,"Thüringer Schachverein Triebes"
H3376,H,H33,"SK Greiz 1881"
H33A1,H,H33,"Schachklub Weida"
H3492,H,H34,"Meuselwitzer SV"
H3496,H,H34,"SC Altenburg"
H3501,H,H35,"SV 1865 Piesau"
H3578,H,H35,"SV Grün-Weiß Triptis"
H3579,H,H35,"MTV 1876 Saalfeld"
H3583,H,H35,"SV Thuringia Königsee"
H3584,H,H35,"1. SV Pößneck"
H3598,H,H35,"SV Lauscha"
H4101,H,H41,"SK Theaterstadt Meiningen"
H4143,H,H41,"SC Suhl"
H4145,H,H41,"TSV 1883 Benshausen"
H4147,H,H41,"SV Schmalkalden 04"
H4148,H,H41,"SC Rochade Steinbach-Hallenberg"
H4149,H,H41,"SG Barchfeld/Breitungen"
H4151,H,H41,"SG Trusetal 92"
H4152,H,H41,"ESV Lok Meiningen"
H4340,H,H43,"SV Wartburgstadt Eisenach"
H4342,H,H43,"TSG Ruhla"
H4355,H,H43,"SV Germania Barchfeld"
H4356,H,H43,"Randspringer Bad Salzungen"
H4357,H,H43,"VfB 1919 Vacha"
